game,arm,success,plies,bits,bpm,exact_match,encode_s,decode_s,runtime_s,error
0,arm1_integer_baseline,True,116,480,4.137931,True,0.037154,0.051729,0.088884,
1,arm1_integer_baseline,True,113,480,4.247788,True,0.034188,0.052074,0.086262,
2,arm1_integer_baseline,True,108,480,4.444444,True,0.032837,0.047982,0.080820,
3,arm1_integer_baseline,True,113,480,4.247788,True,0.029987,0.050169,0.080156,
4,arm1_integer_baseline,True,112,480,4.285714,True,0.035175,0.053410,0.088585,
5,arm1_integer_baseline,True,115,480,4.173913,True,0.035858,0.054196,0.090054,
6,arm1_integer_baseline,True,111,480,4.324324,True,0.048254,0.070639,0.118893,
7,arm1_integer_baseline,True,115,480,4.173913,True,0.039365,0.054727,0.094092,
8,arm1_integer_baseline,True,113,480,4.247788,True,0.043841,0.067964,0.111804,
9,arm1_integer_baseline,True,120,480,4.000000,True,0.032813,0.056639,0.089452,
10,arm1_integer_baseline,True,113,480,4.247788,True,0.036123,0.051974,0.088097,
11,arm1_integer_baseline,True,113,480,4.247788,True,0.036756,0.057596,0.094352,
12,arm1_integer_baseline,False,,,,False,0.009235,0.000000,0.009237,Game ended after 34 plies with 137/480 bits embedded — message too long for this carrier game.
13,arm1_integer_baseline,True,116,480,4.137931,True,0.034262,0.061905,0.096167,
14,arm1_integer_baseline,True,115,480,4.173913,True,0.033816,0.062329,0.096146,
15,arm1_integer_baseline,True,110,480,4.363636,True,0.047566,0.068541,0.116107,
16,arm1_integer_baseline,True,108,480,4.444444,True,0.049062,0.057876,0.106938,
17,arm1_integer_baseline,True,116,480,4.137931,True,0.033055,0.057456,0.090511,
18,arm1_integer_baseline,True,117,480,4.102564,True,0.033101,0.053840,0.086941,
19,arm1_integer_baseline,True,112,480,4.285714,True,0.036704,0.055910,0.092614,
20,arm1_integer_baseline,True,121,480,3.966942,True,0.029586,0.052033,0.081619,
21,arm1_integer_baseline,True,111,480,4.324324,True,0.033275,0.050880,0.084155,
22,arm1_integer_baseline,True,110,480,4.363636,True,0.034337,0.056628,0.090966,
23,arm1_integer_baseline,True,107,480,4.485981,True,0.037171,0.052113,0.089285,
24,arm1_integer_baseline,True,111,480,4.324324,True,0.034535,0.060931,0.095466,
25,arm1_integer_baseline,True,114,480,4.210526,True,0.041853,0.069460,0.111313,
26,arm1_integer_baseline,True,103,480,4.660194,True,0.042559,0.059242,0.101801,
27,arm1_integer_baseline,True,116,480,4.137931,True,0.029754,0.047829,0.077583,
28,arm1_integer_baseline,True,108,480,4.444444,True,0.037008,0.054509,0.091517,
29,arm1_integer_baseline,True,116,480,4.137931,True,0.031016,0.051192,0.082207,
30,arm1_integer_baseline,True,110,480,4.363636,True,0.036511,0.056598,0.093109,
31,arm1_integer_baseline,True,121,480,3.966942,True,0.033081,0.052114,0.085195,
32,arm1_integer_baseline,True,108,480,4.444444,True,0.036330,0.052110,0.088440,
33,arm1_integer_baseline,True,113,480,4.247788,True,0.034110,0.054458,0.088567,
34,arm1_integer_baseline,True,114,480,4.210526,True,0.034754,0.053220,0.087973,
35,arm1_integer_baseline,True,109,480,4.403670,True,0.037647,0.068094,0.105741,
36,arm1_integer_baseline,True,110,480,4.363636,True,0.034923,0.053475,0.088398,
37,arm1_integer_baseline,True,106,480,4.528302,True,0.045483,0.062714,0.108197,
38,arm1_integer_baseline,True,109,480,4.403670,True,0.033081,0.050489,0.083570,
39,arm1_integer_baseline,True,112,480,4.285714,True,0.046434,0.060465,0.106899,
40,arm1_integer_baseline,True,108,480,4.444444,True,0.033507,0.055483,0.088990,
41,arm1_integer_baseline,True,111,480,4.324324,True,0.041736,0.059958,0.101694,
42,arm1_integer_baseline,True,124,480,3.870968,True,0.034464,0.054588,0.089051,
43,arm1_integer_baseline,True,114,480,4.210526,True,0.032380,0.052131,0.084511,
44,arm1_integer_baseline,True,114,480,4.210526,True,0.030986,0.049485,0.080471,
45,arm1_integer_baseline,True,109,480,4.403670,True,0.035618,0.051087,0.086705,
46,arm1_integer_baseline,True,110,480,4.363636,True,0.036093,0.062282,0.098375,
47,arm1_integer_baseline,True,110,480,4.363636,True,0.040371,0.056969,0.097340,
48,arm1_integer_baseline,True,115,480,4.173913,True,0.033693,0.057664,0.091356,
49,arm1_integer_baseline,True,117,480,4.102564,True,0.036184,0.055853,0.092037,
50,arm1_integer_baseline,True,118,480,4.067797,True,0.040543,0.060372,0.100914,
51,arm1_integer_baseline,True,109,480,4.403670,True,0.033205,0.050523,0.083728,
52,arm1_integer_baseline,True,112,480,4.285714,True,0.032649,0.050690,0.083338,
53,arm1_integer_baseline,False,,,,False,0.011767,0.000000,0.011768,Game ended after 43 plies with 177/480 bits embedded — message too long for this carrier game.
54,arm1_integer_baseline,True,111,480,4.324324,True,0.037778,0.055670,0.093448,
55,arm1_integer_baseline,True,112,480,4.285714,True,0.034374,0.054738,0.089112,
56,arm1_integer_baseline,True,110,480,4.363636,True,0.033617,0.050184,0.083801,
57,arm1_integer_baseline,True,118,480,4.067797,True,0.034132,0.060475,0.094608,
58,arm1_integer_baseline,True,117,480,4.102564,True,0.033306,0.052922,0.086228,
59,arm1_integer_baseline,True,120,480,4.000000,True,0.032692,0.054748,0.087440,
60,arm1_integer_baseline,True,109,480,4.403670,True,0.034445,0.049524,0.083969,
61,arm1_integer_baseline,True,111,480,4.324324,True,0.031611,0.049988,0.081599,
62,arm1_integer_baseline,True,118,480,4.067797,True,0.033468,0.054352,0.087821,
63,arm1_integer_baseline,True,119,480,4.033613,True,0.036734,0.058691,0.095425,
64,arm1_integer_baseline,True,107,480,4.485981,True,0.045770,0.056752,0.102522,
65,arm1_integer_baseline,False,,,,False,0.023404,0.000000,0.023405,Game ended after 76 plies with 319/480 bits embedded — message too long for this carrier game.
66,arm1_integer_baseline,True,118,480,4.067797,True,0.040402,0.058327,0.098729,
67,arm1_integer_baseline,True,105,480,4.571429,True,0.039089,0.060072,0.099162,
68,arm1_integer_baseline,True,125,480,3.840000,True,0.039468,0.052816,0.092283,
69,arm1_integer_baseline,True,113,480,4.247788,True,0.036557,0.054103,0.090660,
70,arm1_integer_baseline,True,111,480,4.324324,True,0.031422,0.048770,0.080192,
71,arm1_integer_baseline,True,111,480,4.324324,True,0.031917,0.048921,0.080839,
72,arm1_integer_baseline,True,115,480,4.173913,True,0.031438,0.051352,0.082790,
73,arm1_integer_baseline,True,115,480,4.173913,True,0.057873,0.059099,0.116972,
74,arm1_integer_baseline,True,116,480,4.137931,True,0.035976,0.054507,0.090482,
75,arm1_integer_baseline,True,107,480,4.485981,True,0.046832,0.062535,0.109366,
76,arm1_integer_baseline,True,111,480,4.324324,True,0.032304,0.050008,0.082312,
77,arm1_integer_baseline,True,116,480,4.137931,True,0.033377,0.052280,0.085657,
78,arm1_integer_baseline,True,118,480,4.067797,True,0.037979,0.061289,0.099267,
79,arm1_integer_baseline,True,116,480,4.137931,True,0.034141,0.051553,0.085693,
80,arm1_integer_baseline,True,109,480,4.403670,True,0.034854,0.053634,0.088489,
81,arm1_integer_baseline,True,113,480,4.247788,True,0.037931,0.063857,0.101788,
82,arm1_integer_baseline,True,116,480,4.137931,True,0.037315,0.059406,0.096722,
83,arm1_integer_baseline,True,116,480,4.137931,True,0.034078,0.052346,0.086424,
84,arm1_integer_baseline,True,119,480,4.033613,True,0.035535,0.061016,0.096551,
85,arm1_integer_baseline,True,115,480,4.173913,True,0.035104,0.057493,0.092597,
86,arm1_integer_baseline,True,108,480,4.444444,True,0.034956,0.050581,0.085537,
87,arm1_integer_baseline,True,126,480,3.809524,True,0.028630,0.051694,0.080324,
88,arm1_integer_baseline,True,110,480,4.363636,True,0.032319,0.049727,0.082046,
89,arm1_integer_baseline,True,123,480,3.902439,True,0.032947,0.054924,0.087871,
90,arm1_integer_baseline,True,117,480,4.102564,True,0.034858,0.050786,0.085644,
91,arm1_integer_baseline,True,109,480,4.403670,True,0.036528,0.053834,0.090363,
92,arm1_integer_baseline,True,115,480,4.173913,True,0.034345,0.059848,0.094193,
93,arm1_integer_baseline,True,113,480,4.247788,True,0.031851,0.050008,0.081859,
94,arm1_integer_baseline,True,107,480,4.485981,True,0.037766,0.056033,0.093799,
95,arm1_integer_baseline,True,110,480,4.363636,True,0.038739,0.076569,0.115308,
96,arm1_integer_baseline,True,115,480,4.173913,True,0.032617,0.053700,0.086317,
97,arm1_integer_baseline,True,109,480,4.403670,True,0.036253,0.053867,0.090119,
98,arm1_integer_baseline,True,119,480,4.033613,True,0.036807,0.054803,0.091610,
99,arm1_integer_baseline,True,108,480,4.444444,True,0.059606,0.076502,0.136108,
100,arm1_integer_baseline,True,110,480,4.363636,True,0.033307,0.051298,0.084604,
101,arm1_integer_baseline,True,123,480,3.902439,True,0.035336,0.058276,0.093612,
102,arm1_integer_baseline,True,117,480,4.102564,True,0.035666,0.067520,0.103185,
103,arm1_integer_baseline,True,115,480,4.173913,True,0.030985,0.056630,0.087615,
104,arm1_integer_baseline,True,116,480,4.137931,True,0.035129,0.055642,0.090771,
105,arm1_integer_baseline,True,117,480,4.102564,True,0.031980,0.051177,0.083157,
106,arm1_integer_baseline,True,117,480,4.102564,True,0.035679,0.056989,0.092668,
107,arm1_integer_baseline,True,116,480,4.137931,True,0.035975,0.054976,0.090952,
108,arm1_integer_baseline,True,109,480,4.403670,True,0.038500,0.055517,0.094017,
109,arm1_integer_baseline,True,117,480,4.102564,True,0.040030,0.064072,0.104102,
110,arm1_integer_baseline,True,109,480,4.403670,True,0.034810,0.050297,0.085107,
111,arm1_integer_baseline,True,118,480,4.067797,True,0.034053,0.054085,0.088139,
112,arm1_integer_baseline,True,110,480,4.363636,True,0.036630,0.052872,0.089502,
113,arm1_integer_baseline,True,118,480,4.067797,True,0.035856,0.058807,0.094663,
114,arm1_integer_baseline,False,,,,False,0.015190,0.000000,0.015190,Game ended after 55 plies with 230/480 bits embedded — message too long for this carrier game.
115,arm1_integer_baseline,True,109,480,4.403670,True,0.043272,0.061714,0.104987,
116,arm1_integer_baseline,True,111,480,4.324324,True,0.035214,0.052349,0.087563,
117,arm1_integer_baseline,True,127,480,3.779528,True,0.030134,0.053369,0.083503,
118,arm1_integer_baseline,True,118,480,4.067797,True,0.032256,0.051491,0.083747,
119,arm1_integer_baseline,True,117,480,4.102564,True,0.038479,0.058664,0.097143,
120,arm1_integer_baseline,True,122,480,3.934426,True,0.031821,0.056831,0.088652,
121,arm1_integer_baseline,True,110,480,4.363636,True,0.033878,0.049545,0.083423,
122,arm1_integer_baseline,True,116,480,4.137931,True,0.037105,0.055358,0.092463,
123,arm1_integer_baseline,True,118,480,4.067797,True,0.041625,0.074790,0.116416,
124,arm1_integer_baseline,True,120,480,4.000000,True,0.031000,0.051547,0.082547,
125,arm1_integer_baseline,True,117,480,4.102564,True,0.032363,0.059126,0.091490,
126,arm1_integer_baseline,False,,,,False,0.016297,0.000000,0.016298,Game ended after 50 plies with 209/480 bits embedded — message too long for this carrier game.
127,arm1_integer_baseline,True,116,480,4.137931,True,0.033356,0.050398,0.083754,
128,arm1_integer_baseline,True,115,480,4.173913,True,0.031856,0.069832,0.101688,
129,arm1_integer_baseline,True,104,480,4.615385,True,0.036820,0.065899,0.102719,
130,arm1_integer_baseline,True,120,480,4.000000,True,0.031882,0.051061,0.082943,
131,arm1_integer_baseline,True,115,480,4.173913,True,0.036873,0.063266,0.100139,
132,arm1_integer_baseline,True,114,480,4.210526,True,0.039808,0.061884,0.101692,
133,arm1_integer_baseline,True,112,480,4.285714,True,0.038713,0.058783,0.097496,
134,arm1_integer_baseline,True,111,480,4.324324,True,0.036565,0.054999,0.091563,
135,arm1_integer_baseline,True,107,480,4.485981,True,0.039565,0.060046,0.099612,
136,arm1_integer_baseline,True,111,480,4.324324,True,0.045152,0.070312,0.115464,
137,arm1_integer_baseline,True,111,480,4.324324,True,0.034155,0.052641,0.086796,
138,arm1_integer_baseline,False,,,,False,0.027189,0.000000,0.027190,Game ended after 83 plies with 367/480 bits embedded — message too long for this carrier game.
139,arm1_integer_baseline,True,111,480,4.324324,True,0.036233,0.054619,0.090851,
140,arm1_integer_baseline,True,117,480,4.102564,True,0.034746,0.053148,0.087895,
141,arm1_integer_baseline,False,,,,False,0.028691,0.000000,0.028692,Game ended after 103 plies with 435/480 bits embedded — message too long for this carrier game.
142,arm1_integer_baseline,True,116,480,4.137931,True,0.035347,0.054982,0.090329,
143,arm1_integer_baseline,True,111,480,4.324324,True,0.034165,0.050917,0.085082,
144,arm1_integer_baseline,True,117,480,4.102564,True,0.032383,0.053769,0.086152,
145,arm1_integer_baseline,True,109,480,4.403670,True,0.043160,0.063248,0.106408,
146,arm1_integer_baseline,True,117,480,4.102564,True,0.033322,0.054479,0.087801,
147,arm1_integer_baseline,True,111,480,4.324324,True,0.033749,0.051257,0.085007,
148,arm1_integer_baseline,True,124,480,3.870968,True,0.031570,0.052145,0.083716,
149,arm1_integer_baseline,True,113,480,4.247788,True,0.043905,0.063052,0.106957,
150,arm1_integer_baseline,True,108,480,4.444444,True,0.033891,0.049520,0.083411,
151,arm1_integer_baseline,True,115,480,4.173913,True,0.031202,0.050273,0.081475,
152,arm1_integer_baseline,True,120,480,4.000000,True,0.031650,0.051050,0.082700,
153,arm1_integer_baseline,True,119,480,4.033613,True,0.030306,0.074085,0.104392,
154,arm1_integer_baseline,True,116,480,4.137931,True,0.033211,0.051814,0.085024,
155,arm1_integer_baseline,True,120,480,4.000000,True,0.028906,0.048563,0.077469,
156,arm1_integer_baseline,True,118,480,4.067797,True,0.029759,0.048833,0.078591,
157,arm1_integer_baseline,True,110,480,4.363636,True,0.034513,0.053641,0.088154,
158,arm1_integer_baseline,True,124,480,3.870968,True,0.034259,0.060520,0.094779,
159,arm1_integer_baseline,True,119,480,4.033613,True,0.039713,0.059328,0.099041,
160,arm1_integer_baseline,True,107,480,4.485981,True,0.037525,0.053742,0.091267,
161,arm1_integer_baseline,False,,,,False,0.034852,0.000000,0.034854,Game ended after 72 plies with 309/480 bits embedded — message too long for this carrier game.
162,arm1_integer_baseline,True,104,480,4.615385,True,0.046632,0.053302,0.099934,
163,arm1_integer_baseline,True,124,480,3.870968,True,0.033541,0.057092,0.090633,
164,arm1_integer_baseline,True,112,480,4.285714,True,0.040476,0.066061,0.106536,
165,arm1_integer_baseline,True,113,480,4.247788,True,0.033581,0.052744,0.086325,
166,arm1_integer_baseline,True,105,480,4.571429,True,0.039199,0.053031,0.092229,
167,arm1_integer_baseline,True,114,480,4.210526,True,0.041646,0.064775,0.106421,
168,arm1_integer_baseline,True,119,480,4.033613,True,0.033845,0.056126,0.089970,
169,arm1_integer_baseline,True,118,480,4.067797,True,0.039061,0.061999,0.101061,
170,arm1_integer_baseline,True,111,480,4.324324,True,0.049156,0.068559,0.117715,
171,arm1_integer_baseline,True,112,480,4.285714,True,0.041930,0.061670,0.103600,
172,arm1_integer_baseline,True,109,480,4.403670,True,0.035575,0.049546,0.085120,
173,arm1_integer_baseline,True,107,480,4.485981,True,0.036429,0.049389,0.085818,
174,arm1_integer_baseline,True,114,480,4.210526,True,0.045389,0.087079,0.132467,
175,arm1_integer_baseline,True,113,480,4.247788,True,0.033461,0.052646,0.086107,
176,arm1_integer_baseline,True,108,480,4.444444,True,0.036297,0.054286,0.090582,
177,arm1_integer_baseline,True,122,480,3.934426,True,0.032189,0.056538,0.088727,
178,arm1_integer_baseline,False,,,,False,0.042848,0.000000,0.042848,Game ended after 86 plies with 365/480 bits embedded — message too long for this carrier game.
179,arm1_integer_baseline,True,113,480,4.247788,True,0.037330,0.056463,0.093793,
180,arm1_integer_baseline,True,120,480,4.000000,True,0.037137,0.058860,0.095997,
181,arm1_integer_baseline,True,113,480,4.247788,True,0.038262,0.058007,0.096269,
182,arm1_integer_baseline,True,114,480,4.210526,True,0.038399,0.056721,0.095120,
183,arm1_integer_baseline,True,125,480,3.840000,True,0.033058,0.057860,0.090919,
184,arm1_integer_baseline,True,114,480,4.210526,True,0.035068,0.057344,0.092411,
185,arm1_integer_baseline,False,,,,False,0.023331,0.000000,0.023332,Game ended after 63 plies with 282/480 bits embedded — message too long for this carrier game.
186,arm1_integer_baseline,True,114,480,4.210526,True,0.044723,0.061305,0.106028,
187,arm1_integer_baseline,True,111,480,4.324324,True,0.037531,0.055721,0.093252,
188,arm1_integer_baseline,True,107,480,4.485981,True,0.043882,0.062280,0.106163,
189,arm1_integer_baseline,True,116,480,4.137931,True,0.036034,0.055935,0.091969,
190,arm1_integer_baseline,True,114,480,4.210526,True,0.041646,0.061974,0.103620,
191,arm1_integer_baseline,True,110,480,4.363636,True,0.039683,0.057928,0.097611,
192,arm1_integer_baseline,True,113,480,4.247788,True,0.041953,0.062058,0.104011,
193,arm1_integer_baseline,True,110,480,4.363636,True,0.038300,0.055160,0.093461,
194,arm1_integer_baseline,True,115,480,4.173913,True,0.035422,0.048354,0.083777,
195,arm1_integer_baseline,True,107,480,4.485981,True,0.038775,0.059136,0.097912,
196,arm1_integer_baseline,True,108,480,4.444444,True,0.039828,0.057065,0.096893,
197,arm1_integer_baseline,True,115,480,4.173913,True,0.038049,0.062009,0.100058,
198,arm1_integer_baseline,True,117,480,4.102564,True,0.041434,0.071947,0.113381,
199,arm1_integer_baseline,True,110,480,4.363636,True,0.040605,0.056277,0.096882,
200,arm1_integer_baseline,True,114,480,4.210526,True,0.037596,0.062658,0.100253,
201,arm1_integer_baseline,True,112,480,4.285714,True,0.040241,0.058337,0.098578,
202,arm1_integer_baseline,True,122,480,3.934426,True,0.031238,0.053499,0.084737,
203,arm1_integer_baseline,True,111,480,4.324324,True,0.035414,0.056508,0.091922,
204,arm1_integer_baseline,True,113,480,4.247788,True,0.041164,0.060096,0.101260,
205,arm1_integer_baseline,True,115,480,4.173913,True,0.037388,0.057940,0.095328,
206,arm1_integer_baseline,True,111,480,4.324324,True,0.041252,0.054507,0.095760,
207,arm1_integer_baseline,False,,,,False,0.032285,0.000000,0.032286,Game ended after 105 plies with 451/480 bits embedded — message too long for this carrier game.
208,arm1_integer_baseline,True,106,480,4.528302,True,0.036388,0.052036,0.088424,
209,arm1_integer_baseline,False,,,,False,0.011442,0.000000,0.011442,Game ended after 42 plies with 180/480 bits embedded — message too long for this carrier game.
210,arm1_integer_baseline,True,107,480,4.485981,True,0.052667,0.061160,0.113827,
211,arm1_integer_baseline,True,113,480,4.247788,True,0.053172,0.060155,0.113328,
212,arm1_integer_baseline,True,112,480,4.285714,True,0.036929,0.055457,0.092386,
213,arm1_integer_baseline,True,115,480,4.173913,True,0.041868,0.077064,0.118933,
214,arm1_integer_baseline,True,112,480,4.285714,True,0.040826,0.056306,0.097132,
215,arm1_integer_baseline,True,113,480,4.247788,True,0.036664,0.052530,0.089194,
216,arm1_integer_baseline,True,110,480,4.363636,True,0.041541,0.053715,0.095256,
217,arm1_integer_baseline,True,116,480,4.137931,True,0.030977,0.048660,0.079637,
218,arm1_integer_baseline,True,116,480,4.137931,True,0.033460,0.052274,0.085734,
219,arm1_integer_baseline,False,,,,False,0.012210,0.000000,0.012210,Game ended after 42 plies with 183/480 bits embedded — message too long for this carrier game.
220,arm1_integer_baseline,True,121,480,3.966942,True,0.031436,0.055275,0.086712,
221,arm1_integer_baseline,True,118,480,4.067797,True,0.031944,0.053243,0.085187,
222,arm1_integer_baseline,True,119,480,4.033613,True,0.037828,0.059533,0.097361,
223,arm1_integer_baseline,True,119,480,4.033613,True,0.032783,0.054031,0.086813,
224,arm1_integer_baseline,True,111,480,4.324324,True,0.033677,0.057478,0.091154,
225,arm1_integer_baseline,True,111,480,4.324324,True,0.035679,0.053629,0.089309,
226,arm1_integer_baseline,True,111,480,4.324324,True,0.035483,0.053377,0.088860,
227,arm1_integer_baseline,True,113,480,4.247788,True,0.035802,0.046965,0.082767,
228,arm1_integer_baseline,True,114,480,4.210526,True,0.037684,0.062035,0.099719,
229,arm1_integer_baseline,True,125,480,3.840000,True,0.034365,0.054534,0.088899,
230,arm1_integer_baseline,True,113,480,4.247788,True,0.033347,0.050965,0.084311,
231,arm1_integer_baseline,True,107,480,4.485981,True,0.039117,0.059846,0.098964,
232,arm1_integer_baseline,True,113,480,4.247788,True,0.031790,0.048439,0.080229,
233,arm1_integer_baseline,True,115,480,4.173913,True,0.033871,0.047676,0.081547,
234,arm1_integer_baseline,True,116,480,4.137931,True,0.030251,0.050156,0.080407,
235,arm1_integer_baseline,True,109,480,4.403670,True,0.040112,0.060424,0.100535,
236,arm1_integer_baseline,True,110,480,4.363636,True,0.039968,0.058861,0.098829,
237,arm1_integer_baseline,True,109,480,4.403670,True,0.038872,0.053996,0.092868,
238,arm1_integer_baseline,True,112,480,4.285714,True,0.035835,0.055574,0.091409,
239,arm1_integer_baseline,True,110,480,4.363636,True,0.034387,0.049627,0.084014,
240,arm1_integer_baseline,False,,,,False,0.014923,0.000000,0.014925,Game ended after 38 plies with 166/480 bits embedded — message too long for this carrier game.
241,arm1_integer_baseline,False,,,,False,0.034419,0.000000,0.034421,Game ended after 113 plies with 466/480 bits embedded — message too long for this carrier game.
242,arm1_integer_baseline,True,109,480,4.403670,True,0.037385,0.053024,0.090409,
243,arm1_integer_baseline,True,116,480,4.137931,True,0.039056,0.063082,0.102138,
244,arm1_integer_baseline,True,123,480,3.902439,True,0.034229,0.056099,0.090328,
245,arm1_integer_baseline,True,114,480,4.210526,True,0.038109,0.055550,0.093659,
246,arm1_integer_baseline,True,111,480,4.324324,True,0.035091,0.053951,0.089042,
247,arm1_integer_baseline,True,115,480,4.173913,True,0.034185,0.057047,0.091232,
248,arm1_integer_baseline,True,107,480,4.485981,True,0.038787,0.054902,0.093689,
249,arm1_integer_baseline,True,109,480,4.403670,True,0.040340,0.061916,0.102255,
250,arm1_integer_baseline,True,113,480,4.247788,True,0.037003,0.058839,0.095842,
251,arm1_integer_baseline,True,116,480,4.137931,True,0.036787,0.055100,0.091888,
252,arm1_integer_baseline,True,121,480,3.966942,True,0.029221,0.051174,0.080396,
253,arm1_integer_baseline,True,115,480,4.173913,True,0.038556,0.055860,0.094415,
254,arm1_integer_baseline,True,116,480,4.137931,True,0.048909,0.063077,0.111986,
255,arm1_integer_baseline,True,104,480,4.615385,True,0.036971,0.052966,0.089937,
256,arm1_integer_baseline,True,124,480,3.870968,True,0.030529,0.062110,0.092638,
257,arm1_integer_baseline,True,118,480,4.067797,True,0.035167,0.055833,0.091001,
258,arm1_integer_baseline,True,112,480,4.285714,True,0.037260,0.054703,0.091963,
259,arm1_integer_baseline,True,119,480,4.033613,True,0.032512,0.053171,0.085683,
260,arm1_integer_baseline,True,119,480,4.033613,True,0.035419,0.060688,0.096108,
261,arm1_integer_baseline,True,114,480,4.210526,True,0.033975,0.052539,0.086514,
262,arm1_integer_baseline,True,110,480,4.363636,True,0.032034,0.051960,0.083994,
263,arm1_integer_baseline,True,119,480,4.033613,True,0.031731,0.052551,0.084282,
264,arm1_integer_baseline,True,110,480,4.363636,True,0.038870,0.061043,0.099913,
265,arm1_integer_baseline,True,124,480,3.870968,True,0.032430,0.054135,0.086565,
266,arm1_integer_baseline,True,119,480,4.033613,True,0.035875,0.059572,0.095447,
267,arm1_integer_baseline,True,121,480,3.966942,True,0.035714,0.062169,0.097883,
268,arm1_integer_baseline,True,116,480,4.137931,True,0.051622,0.084967,0.136589,
269,arm1_integer_baseline,True,107,480,4.485981,True,0.037339,0.055288,0.092628,
270,arm1_integer_baseline,True,115,480,4.173913,True,0.033985,0.051860,0.085845,
271,arm1_integer_baseline,True,113,480,4.247788,True,0.033383,0.058865,0.092248,
272,arm1_integer_baseline,True,109,480,4.403670,True,0.033483,0.049138,0.082621,
273,arm1_integer_baseline,True,119,480,4.033613,True,0.034370,0.056838,0.091208,
274,arm1_integer_baseline,True,107,480,4.485981,True,0.044113,0.057643,0.101756,
275,arm1_integer_baseline,True,117,480,4.102564,True,0.057065,0.074789,0.131853,
276,arm1_integer_baseline,False,,,,False,0.034571,0.000000,0.034572,Game ended after 106 plies with 469/480 bits embedded — message too long for this carrier game.
277,arm1_integer_baseline,True,115,480,4.173913,True,0.035015,0.054341,0.089355,
278,arm1_integer_baseline,True,119,480,4.033613,True,0.033269,0.053974,0.087243,
279,arm1_integer_baseline,True,118,480,4.067797,True,0.034774,0.063141,0.097915,
280,arm1_integer_baseline,True,117,480,4.102564,True,0.031699,0.052735,0.084434,
281,arm1_integer_baseline,True,111,480,4.324324,True,0.032728,0.050904,0.083632,
282,arm1_integer_baseline,True,120,480,4.000000,True,0.032028,0.053631,0.085659,
283,arm1_integer_baseline,True,108,480,4.444444,True,0.045963,0.049237,0.095199,
284,arm1_integer_baseline,True,108,480,4.444444,True,0.038710,0.055842,0.094552,
285,arm1_integer_baseline,True,114,480,4.210526,True,0.036513,0.053532,0.090044,
286,arm1_integer_baseline,True,117,480,4.102564,True,0.036187,0.058351,0.094538,
287,arm1_integer_baseline,True,111,480,4.324324,True,0.043662,0.060865,0.104528,
288,arm1_integer_baseline,True,108,480,4.444444,True,0.039165,0.057071,0.096236,
289,arm1_integer_baseline,True,123,480,3.902439,True,0.034355,0.061165,0.095520,
290,arm1_integer_baseline,True,120,480,4.000000,True,0.036559,0.092398,0.128957,
291,arm1_integer_baseline,True,112,480,4.285714,True,0.045663,0.071582,0.117244,
292,arm1_integer_baseline,True,114,480,4.210526,True,0.042014,0.059726,0.101740,
293,arm1_integer_baseline,True,116,480,4.137931,True,0.031523,0.053294,0.084817,
294,arm1_integer_baseline,True,117,480,4.102564,True,0.039743,0.066843,0.106586,
295,arm1_integer_baseline,True,106,480,4.528302,True,0.044642,0.062006,0.106648,
296,arm1_integer_baseline,True,109,480,4.403670,True,0.043601,0.053030,0.096632,
297,arm1_integer_baseline,True,113,480,4.247788,True,0.037380,0.053300,0.090680,
298,arm1_integer_baseline,True,121,480,3.966942,True,0.031794,0.054048,0.085842,
299,arm1_integer_baseline,True,113,480,4.247788,True,0.037347,0.056889,0.094236,
300,arm1_integer_baseline,True,115,480,4.173913,True,0.039285,0.054572,0.093858,
301,arm1_integer_baseline,True,118,480,4.067797,True,0.033389,0.053354,0.086743,
302,arm1_integer_baseline,True,117,480,4.102564,True,0.035893,0.055021,0.090914,
303,arm1_integer_baseline,True,122,480,3.934426,True,0.038270,0.061137,0.099407,
304,arm1_integer_baseline,True,109,480,4.403670,True,0.045665,0.055523,0.101188,
305,arm1_integer_baseline,True,116,480,4.137931,True,0.037902,0.059742,0.097644,
306,arm1_integer_baseline,True,115,480,4.173913,True,0.037117,0.063881,0.100998,
307,arm1_integer_baseline,True,111,480,4.324324,True,0.040115,0.058314,0.098429,
308,arm1_integer_baseline,True,113,480,4.247788,True,0.039601,0.057722,0.097323,
309,arm1_integer_baseline,True,121,480,3.966942,True,0.032072,0.055314,0.087385,
310,arm1_integer_baseline,True,110,480,4.363636,True,0.040759,0.061014,0.101774,
311,arm1_integer_baseline,True,104,480,4.615385,True,0.035999,0.053356,0.089355,
312,arm1_integer_baseline,True,114,480,4.210526,True,0.035014,0.048042,0.083055,
313,arm1_integer_baseline,True,115,480,4.173913,True,0.034909,0.053141,0.088050,
314,arm1_integer_baseline,True,116,480,4.137931,True,0.036246,0.056828,0.093074,
315,arm1_integer_baseline,True,122,480,3.934426,True,0.054002,0.078362,0.132365,
316,arm1_integer_baseline,True,120,480,4.000000,True,0.035112,0.054945,0.090057,
317,arm1_integer_baseline,True,109,480,4.403670,True,0.033506,0.050356,0.083862,
318,arm1_integer_baseline,True,119,480,4.033613,True,0.034136,0.054124,0.088260,
319,arm1_integer_baseline,True,112,480,4.285714,True,0.038407,0.059274,0.097680,
320,arm1_integer_baseline,True,110,480,4.363636,True,0.035175,0.050531,0.085706,
321,arm1_integer_baseline,True,117,480,4.102564,True,0.032430,0.053571,0.086002,
322,arm1_integer_baseline,True,107,480,4.485981,True,0.037802,0.060553,0.098355,
323,arm1_integer_baseline,True,109,480,4.403670,True,0.037119,0.051473,0.088592,
324,arm1_integer_baseline,True,122,480,3.934426,True,0.030877,0.051404,0.082281,
325,arm1_integer_baseline,True,120,480,4.000000,True,0.033156,0.052639,0.085796,
326,arm1_integer_baseline,True,113,480,4.247788,True,0.032516,0.050152,0.082668,
327,arm1_integer_baseline,True,113,480,4.247788,True,0.036500,0.056848,0.093347,
328,arm1_integer_baseline,False,,,,False,0.034964,0.000000,0.034965,Game ended after 97 plies with 441/480 bits embedded — message too long for this carrier game.
329,arm1_integer_baseline,True,111,480,4.324324,True,0.037636,0.053056,0.090693,
330,arm1_integer_baseline,True,112,480,4.285714,True,0.053340,0.059407,0.112747,
331,arm1_integer_baseline,True,114,480,4.210526,True,0.038637,0.055271,0.093908,
332,arm1_integer_baseline,True,116,480,4.137931,True,0.044238,0.066753,0.110991,
333,arm1_integer_baseline,True,116,480,4.137931,True,0.032331,0.059273,0.091604,
334,arm1_integer_baseline,True,111,480,4.324324,True,0.036911,0.051103,0.088015,
335,arm1_integer_baseline,True,111,480,4.324324,True,0.033555,0.048245,0.081799,
336,arm1_integer_baseline,True,122,480,3.934426,True,0.033270,0.051492,0.084762,
337,arm1_integer_baseline,True,115,480,4.173913,True,0.043836,0.057894,0.101730,
338,arm1_integer_baseline,True,121,480,3.966942,True,0.028791,0.049780,0.078571,
339,arm1_integer_baseline,True,114,480,4.210526,True,0.035770,0.053121,0.088891,
340,arm1_integer_baseline,True,115,480,4.173913,True,0.038850,0.060286,0.099137,
341,arm1_integer_baseline,True,120,480,4.000000,True,0.034889,0.062737,0.097626,
342,arm1_integer_baseline,True,111,480,4.324324,True,0.039732,0.049091,0.088823,
343,arm1_integer_baseline,True,116,480,4.137931,True,0.030795,0.049442,0.080238,
344,arm1_integer_baseline,True,110,480,4.363636,True,0.034261,0.050278,0.084538,
345,arm1_integer_baseline,True,111,480,4.324324,True,0.036725,0.054093,0.090818,
346,arm1_integer_baseline,True,112,480,4.285714,True,0.035569,0.054133,0.089701,
347,arm1_integer_baseline,True,124,480,3.870968,True,0.029289,0.051707,0.080997,
348,arm1_integer_baseline,True,113,480,4.247788,True,0.036843,0.052963,0.089806,
349,arm1_integer_baseline,True,112,480,4.285714,True,0.036362,0.053004,0.089366,
350,arm1_integer_baseline,True,109,480,4.403670,True,0.034101,0.050752,0.084853,
351,arm1_integer_baseline,True,114,480,4.210526,True,0.038945,0.057412,0.096357,
352,arm1_integer_baseline,True,116,480,4.137931,True,0.034712,0.058271,0.092983,
353,arm1_integer_baseline,True,113,480,4.247788,True,0.037809,0.051061,0.088870,
354,arm1_integer_baseline,True,118,480,4.067797,True,0.031164,0.048668,0.079832,
355,arm1_integer_baseline,True,117,480,4.102564,True,0.030077,0.048072,0.078149,
356,arm1_integer_baseline,False,,,,False,0.018632,0.000000,0.018633,Game ended after 53 plies with 225/480 bits embedded — message too long for this carrier game.
357,arm1_integer_baseline,True,116,480,4.137931,True,0.036096,0.053551,0.089647,
358,arm1_integer_baseline,True,113,480,4.247788,True,0.034561,0.051162,0.085723,
359,arm1_integer_baseline,True,113,480,4.247788,True,0.033893,0.051823,0.085715,
360,arm1_integer_baseline,True,112,480,4.285714,True,0.034715,0.048161,0.082875,
361,arm1_integer_baseline,True,112,480,4.285714,True,0.036536,0.052601,0.089137,
362,arm1_integer_baseline,True,111,480,4.324324,True,0.035062,0.052457,0.087519,
363,arm1_integer_baseline,True,117,480,4.102564,True,0.033563,0.053154,0.086716,
364,arm1_integer_baseline,True,109,480,4.403670,True,0.043346,0.067501,0.110847,
365,arm1_integer_baseline,True,121,480,3.966942,True,0.033076,0.052840,0.085916,
366,arm1_integer_baseline,True,115,480,4.173913,True,0.032504,0.050529,0.083034,
367,arm1_integer_baseline,True,110,480,4.363636,True,0.034760,0.051401,0.086161,
368,arm1_integer_baseline,True,110,480,4.363636,True,0.039250,0.054250,0.093500,
369,arm1_integer_baseline,True,113,480,4.247788,True,0.036049,0.054458,0.090507,
370,arm1_integer_baseline,True,112,480,4.285714,True,0.033504,0.050751,0.084255,
371,arm1_integer_baseline,True,115,480,4.173913,True,0.032943,0.051821,0.084765,
372,arm1_integer_baseline,True,117,480,4.102564,True,0.030757,0.049825,0.080582,
373,arm1_integer_baseline,True,118,480,4.067797,True,0.031282,0.051736,0.083018,
374,arm1_integer_baseline,True,113,480,4.247788,True,0.040516,0.057852,0.098368,
375,arm1_integer_baseline,True,107,480,4.485981,True,0.035983,0.052794,0.088777,
376,arm1_integer_baseline,True,111,480,4.324324,True,0.036666,0.053790,0.090455,
377,arm1_integer_baseline,True,117,480,4.102564,True,0.031802,0.052241,0.084044,
378,arm1_integer_baseline,True,111,480,4.324324,True,0.032786,0.049295,0.082081,
379,arm1_integer_baseline,True,118,480,4.067797,True,0.045664,0.059791,0.105454,
380,arm1_integer_baseline,True,114,480,4.210526,True,0.034602,0.051979,0.086581,
381,arm1_integer_baseline,True,125,480,3.840000,True,0.031665,0.051395,0.083060,
382,arm1_integer_baseline,True,110,480,4.363636,True,0.034792,0.051612,0.086404,
383,arm1_integer_baseline,True,122,480,3.934426,True,0.054943,0.071443,0.126386,
384,arm1_integer_baseline,True,119,480,4.033613,True,0.032128,0.052017,0.084145,
385,arm1_integer_baseline,True,105,480,4.571429,True,0.036214,0.052322,0.088536,
386,arm1_integer_baseline,False,,,,False,0.033021,0.000000,0.033022,Game ended after 102 plies with 443/480 bits embedded — message too long for this carrier game.
387,arm1_integer_baseline,False,,,,False,0.027201,0.000000,0.027202,Game ended after 77 plies with 322/480 bits embedded — message too long for this carrier game.
388,arm1_integer_baseline,True,106,480,4.528302,True,0.036444,0.051455,0.087900,
389,arm1_integer_baseline,True,110,480,4.363636,True,0.034468,0.050465,0.084933,
390,arm1_integer_baseline,True,110,480,4.363636,True,0.038208,0.057483,0.095690,
391,arm1_integer_baseline,True,114,480,4.210526,True,0.039560,0.063138,0.102699,
392,arm1_integer_baseline,True,118,480,4.067797,True,0.030868,0.050834,0.081702,
393,arm1_integer_baseline,True,108,480,4.444444,True,0.036680,0.054394,0.091074,
394,arm1_integer_baseline,True,123,480,3.902439,True,0.034559,0.057292,0.091851,
395,arm1_integer_baseline,True,109,480,4.403670,True,0.034607,0.053202,0.087809,
396,arm1_integer_baseline,True,111,480,4.324324,True,0.039736,0.060439,0.100175,
397,arm1_integer_baseline,True,114,480,4.210526,True,0.036991,0.055294,0.092285,
398,arm1_integer_baseline,True,110,480,4.363636,True,0.036649,0.054955,0.091604,
399,arm1_integer_baseline,True,121,480,3.966942,True,0.035378,0.049912,0.085290,
400,arm1_integer_baseline,True,115,480,4.173913,True,0.042917,0.063674,0.106591,
401,arm1_integer_baseline,True,113,480,4.247788,True,0.032765,0.048870,0.081635,
402,arm1_integer_baseline,True,119,480,4.033613,True,0.036806,0.058255,0.095061,
403,arm1_integer_baseline,True,113,480,4.247788,True,0.035450,0.052637,0.088087,
404,arm1_integer_baseline,True,119,480,4.033613,True,0.031973,0.051746,0.083719,
405,arm1_integer_baseline,True,118,480,4.067797,True,0.045510,0.061294,0.106804,
406,arm1_integer_baseline,True,109,480,4.403670,True,0.036719,0.053244,0.089963,
407,arm1_integer_baseline,True,109,480,4.403670,True,0.037203,0.055234,0.092437,
408,arm1_integer_baseline,True,117,480,4.102564,True,0.037705,0.059421,0.097126,
409,arm1_integer_baseline,True,113,480,4.247788,True,0.037169,0.052620,0.089788,
410,arm1_integer_baseline,True,108,480,4.444444,True,0.035047,0.049367,0.084414,
411,arm1_integer_baseline,True,111,480,4.324324,True,0.038884,0.058537,0.097421,
412,arm1_integer_baseline,True,110,480,4.363636,True,0.036064,0.054742,0.090806,
413,arm1_integer_baseline,True,114,480,4.210526,True,0.036069,0.054193,0.090262,
414,arm1_integer_baseline,True,110,480,4.363636,True,0.038166,0.053356,0.091522,
415,arm1_integer_baseline,True,110,480,4.363636,True,0.038113,0.053393,0.091506,
416,arm1_integer_baseline,True,112,480,4.285714,True,0.035520,0.052636,0.088156,
417,arm1_integer_baseline,True,112,480,4.285714,True,0.036596,0.053628,0.090224,
418,arm1_integer_baseline,True,111,480,4.324324,True,0.039739,0.054653,0.094391,
419,arm1_integer_baseline,True,111,480,4.324324,True,0.035313,0.051851,0.087164,
420,arm1_integer_baseline,False,,,,False,0.008053,0.000000,0.008054,Game ended after 33 plies with 137/480 bits embedded — message too long for this carrier game.
421,arm1_integer_baseline,True,121,480,3.966942,True,0.036895,0.060003,0.096897,
422,arm1_integer_baseline,True,110,480,4.363636,True,0.036944,0.051427,0.088372,
423,arm1_integer_baseline,True,111,480,4.324324,True,0.041302,0.060422,0.101723,
424,arm1_integer_baseline,True,117,480,4.102564,True,0.037876,0.057754,0.095630,
425,arm1_integer_baseline,True,116,480,4.137931,True,0.037295,0.057039,0.094334,
426,arm1_integer_baseline,True,123,480,3.902439,True,0.038998,0.059140,0.098138,
427,arm1_integer_baseline,True,112,480,4.285714,True,0.044450,0.063456,0.107906,
428,arm1_integer_baseline,True,115,480,4.173913,True,0.036500,0.056213,0.092712,
429,arm1_integer_baseline,True,120,480,4.000000,True,0.036495,0.060067,0.096563,
430,arm1_integer_baseline,True,116,480,4.137931,True,0.038517,0.061507,0.100024,
431,arm1_integer_baseline,True,116,480,4.137931,True,0.034655,0.054749,0.089404,
432,arm1_integer_baseline,True,116,480,4.137931,True,0.032798,0.050900,0.083699,
433,arm1_integer_baseline,True,106,480,4.528302,True,0.035985,0.052481,0.088466,
434,arm1_integer_baseline,True,116,480,4.137931,True,0.032484,0.052815,0.085299,
435,arm1_integer_baseline,True,113,480,4.247788,True,0.033126,0.052411,0.085537,
436,arm1_integer_baseline,True,113,480,4.247788,True,0.042348,0.085621,0.127969,
437,arm1_integer_baseline,True,115,480,4.173913,True,0.032624,0.050462,0.083086,
438,arm1_integer_baseline,True,105,480,4.571429,True,0.034662,0.048269,0.082931,
439,arm1_integer_baseline,True,114,480,4.210526,True,0.032513,0.051457,0.083970,
440,arm1_integer_baseline,True,116,480,4.137931,True,0.041809,0.065489,0.107298,
441,arm1_integer_baseline,True,112,480,4.285714,True,0.035340,0.053711,0.089051,
442,arm1_integer_baseline,True,108,480,4.444444,True,0.040745,0.050183,0.090928,
443,arm1_integer_baseline,True,108,480,4.444444,True,0.034417,0.049758,0.084175,
444,arm1_integer_baseline,True,117,480,4.102564,True,0.043387,0.062735,0.106121,
445,arm1_integer_baseline,True,112,480,4.285714,True,0.042406,0.060493,0.102899,
446,arm1_integer_baseline,False,,,,False,0.026127,0.000000,0.026128,Game ended after 69 plies with 310/480 bits embedded — message too long for this carrier game.
447,arm1_integer_baseline,True,108,480,4.444444,True,0.033215,0.049404,0.082619,
448,arm1_integer_baseline,True,111,480,4.324324,True,0.041016,0.054213,0.095229,
449,arm1_integer_baseline,True,117,480,4.102564,True,0.032344,0.052541,0.084885,
450,arm1_integer_baseline,True,111,480,4.324324,True,0.033658,0.050767,0.084424,
451,arm1_integer_baseline,True,110,480,4.363636,True,0.034009,0.051073,0.085082,
452,arm1_integer_baseline,True,118,480,4.067797,True,0.038200,0.061189,0.099389,
453,arm1_integer_baseline,True,105,480,4.571429,True,0.040877,0.053485,0.094362,
454,arm1_integer_baseline,True,116,480,4.137931,True,0.039674,0.068498,0.108172,
455,arm1_integer_baseline,True,114,480,4.210526,True,0.038971,0.057970,0.096941,
456,arm1_integer_baseline,True,118,480,4.067797,True,0.030972,0.049828,0.080799,
457,arm1_integer_baseline,True,114,480,4.210526,True,0.038867,0.055706,0.094573,
458,arm1_integer_baseline,True,109,480,4.403670,True,0.036051,0.049262,0.085313,
459,arm1_integer_baseline,True,117,480,4.102564,True,0.034872,0.059385,0.094257,
460,arm1_integer_baseline,True,110,480,4.363636,True,0.033343,0.070909,0.104252,
461,arm1_integer_baseline,True,110,480,4.363636,True,0.037235,0.053728,0.090963,
462,arm1_integer_baseline,True,114,480,4.210526,True,0.037423,0.060473,0.097897,
463,arm1_integer_baseline,True,114,480,4.210526,True,0.034028,0.053923,0.087951,
464,arm1_integer_baseline,True,114,480,4.210526,True,0.033200,0.051869,0.085069,
465,arm1_integer_baseline,True,112,480,4.285714,True,0.035539,0.053901,0.089440,
466,arm1_integer_baseline,True,110,480,4.363636,True,0.038027,0.053850,0.091877,
467,arm1_integer_baseline,True,111,480,4.324324,True,0.035766,0.061818,0.097584,
468,arm1_integer_baseline,True,116,480,4.137931,True,0.056095,0.069862,0.125957,
469,arm1_integer_baseline,True,109,480,4.403670,True,0.036474,0.049869,0.086343,
470,arm1_integer_baseline,True,112,480,4.285714,True,0.032606,0.051259,0.083865,
471,arm1_integer_baseline,True,111,480,4.324324,True,0.037186,0.055168,0.092354,
472,arm1_integer_baseline,True,113,480,4.247788,True,0.040970,0.069957,0.110927,
473,arm1_integer_baseline,True,116,480,4.137931,True,0.030510,0.052336,0.082846,
474,arm1_integer_baseline,True,128,480,3.750000,True,0.030964,0.056089,0.087054,
475,arm1_integer_baseline,True,111,480,4.324324,True,0.038795,0.054018,0.092814,
476,arm1_integer_baseline,True,112,480,4.285714,True,0.035065,0.052763,0.087828,
477,arm1_integer_baseline,True,115,480,4.173913,True,0.032935,0.051920,0.084855,
478,arm1_integer_baseline,True,111,480,4.324324,True,0.040776,0.060828,0.101604,
479,arm1_integer_baseline,True,120,480,4.000000,True,0.036364,0.057011,0.093375,
480,arm1_integer_baseline,True,111,480,4.324324,True,0.037151,0.056572,0.093723,
481,arm1_integer_baseline,True,112,480,4.285714,True,0.041389,0.056999,0.098389,
482,arm1_integer_baseline,True,110,480,4.363636,True,0.038550,0.060820,0.099370,
483,arm1_integer_baseline,True,113,480,4.247788,True,0.043861,0.065754,0.109615,
484,arm1_integer_baseline,True,117,480,4.102564,True,0.034659,0.056235,0.090894,
485,arm1_integer_baseline,True,115,480,4.173913,True,0.037547,0.057253,0.094801,
486,arm1_integer_baseline,True,119,480,4.033613,True,0.033151,0.052823,0.085974,
487,arm1_integer_baseline,True,112,480,4.285714,True,0.044364,0.055718,0.100082,
488,arm1_integer_baseline,True,107,480,4.485981,True,0.039542,0.054634,0.094176,
489,arm1_integer_baseline,True,109,480,4.403670,True,0.041625,0.053410,0.095035,
490,arm1_integer_baseline,True,111,480,4.324324,True,0.038399,0.053365,0.091763,
491,arm1_integer_baseline,True,113,480,4.247788,True,0.034071,0.053019,0.087090,
492,arm1_integer_baseline,True,112,480,4.285714,True,0.033753,0.050965,0.084718,
493,arm1_integer_baseline,True,121,480,3.966942,True,0.034046,0.062908,0.096954,
494,arm1_integer_baseline,True,122,480,3.934426,True,0.029953,0.052207,0.082159,
495,arm1_integer_baseline,True,111,480,4.324324,True,0.037750,0.055855,0.093605,
496,arm1_integer_baseline,True,113,480,4.247788,True,0.037800,0.059119,0.096919,
497,arm1_integer_baseline,False,,,,False,0.013220,0.000000,0.013220,Game ended after 41 plies with 179/480 bits embedded — message too long for this carrier game.
498,arm1_integer_baseline,True,112,480,4.285714,True,0.041533,0.064363,0.105896,
499,arm1_integer_baseline,True,111,480,4.324324,True,0.045169,0.059635,0.104803,
500,arm1_integer_baseline,True,119,480,4.033613,True,0.034573,0.055556,0.090130,
501,arm1_integer_baseline,True,111,480,4.324324,True,0.036853,0.056884,0.093737,
502,arm1_integer_baseline,True,113,480,4.247788,True,0.049191,0.064223,0.113414,
503,arm1_integer_baseline,True,115,480,4.173913,True,0.035142,0.053757,0.088900,
504,arm1_integer_baseline,True,106,480,4.528302,True,0.037108,0.055861,0.092970,
505,arm1_integer_baseline,True,111,480,4.324324,True,0.040073,0.064291,0.104363,
506,arm1_integer_baseline,True,106,480,4.528302,True,0.036542,0.052407,0.088949,
507,arm1_integer_baseline,True,115,480,4.173913,True,0.028764,0.046683,0.075447,
508,arm1_integer_baseline,False,,,,False,0.029480,0.000000,0.029481,Game ended after 103 plies with 425/480 bits embedded — message too long for this carrier game.
509,arm1_integer_baseline,True,112,480,4.285714,True,0.040497,0.055183,0.095680,
510,arm1_integer_baseline,True,123,480,3.902439,True,0.033013,0.056353,0.089366,
511,arm1_integer_baseline,True,113,480,4.247788,True,0.035670,0.056479,0.092150,
512,arm1_integer_baseline,True,113,480,4.247788,True,0.034825,0.056407,0.091232,
513,arm1_integer_baseline,True,112,480,4.285714,True,0.035560,0.056698,0.092258,
514,arm1_integer_baseline,True,110,480,4.363636,True,0.045337,0.058785,0.104123,
515,arm1_integer_baseline,True,113,480,4.247788,True,0.034555,0.052577,0.087132,
516,arm1_integer_baseline,True,122,480,3.934426,True,0.031046,0.053210,0.084256,
517,arm1_integer_baseline,True,111,480,4.324324,True,0.035503,0.056715,0.092218,
518,arm1_integer_baseline,True,116,480,4.137931,True,0.039094,0.061574,0.100667,
519,arm1_integer_baseline,True,114,480,4.210526,True,0.032117,0.055357,0.087474,
520,arm1_integer_baseline,True,111,480,4.324324,True,0.043228,0.059822,0.103050,
521,arm1_integer_baseline,True,110,480,4.363636,True,0.037271,0.054304,0.091575,
522,arm1_integer_baseline,True,111,480,4.324324,True,0.035742,0.053992,0.089734,
523,arm1_integer_baseline,True,124,480,3.870968,True,0.034778,0.060488,0.095266,
524,arm1_integer_baseline,True,109,480,4.403670,True,0.042169,0.057598,0.099767,
525,arm1_integer_baseline,True,115,480,4.173913,True,0.034139,0.063870,0.098009,
526,arm1_integer_baseline,False,,,,False,0.035733,0.000000,0.035734,Game ended after 93 plies with 409/480 bits embedded — message too long for this carrier game.
527,arm1_integer_baseline,True,116,480,4.137931,True,0.038000,0.058627,0.096627,
528,arm1_integer_baseline,True,120,480,4.000000,True,0.033511,0.053944,0.087455,
529,arm1_integer_baseline,True,111,480,4.324324,True,0.037195,0.065675,0.102870,
530,arm1_integer_baseline,True,112,480,4.285714,True,0.047593,0.072580,0.120173,
531,arm1_integer_baseline,True,117,480,4.102564,True,0.036777,0.061676,0.098453,
532,arm1_integer_baseline,True,113,480,4.247788,True,0.038601,0.059453,0.098055,
533,arm1_integer_baseline,True,116,480,4.137931,True,0.038902,0.061735,0.100637,
534,arm1_integer_baseline,True,115,480,4.173913,True,0.039460,0.057133,0.096593,
535,arm1_integer_baseline,True,105,480,4.571429,True,0.044579,0.062998,0.107578,
536,arm1_integer_baseline,True,112,480,4.285714,True,0.038758,0.062323,0.101081,
537,arm1_integer_baseline,True,115,480,4.173913,True,0.047276,0.060056,0.107332,
538,arm1_integer_baseline,True,126,480,3.809524,True,0.035319,0.055297,0.090615,
539,arm1_integer_baseline,True,111,480,4.324324,True,0.041411,0.064101,0.105512,
540,arm1_integer_baseline,True,111,480,4.324324,True,0.038826,0.058640,0.097466,
541,arm1_integer_baseline,True,109,480,4.403670,True,0.034098,0.052159,0.086257,
542,arm1_integer_baseline,True,112,480,4.285714,True,0.032160,0.050685,0.082845,
543,arm1_integer_baseline,True,115,480,4.173913,True,0.032034,0.051310,0.083344,
544,arm1_integer_baseline,True,117,480,4.102564,True,0.034849,0.075507,0.110356,
545,arm1_integer_baseline,True,110,480,4.363636,True,0.037595,0.069435,0.107030,
546,arm1_integer_baseline,True,111,480,4.324324,True,0.037471,0.059381,0.096852,
547,arm1_integer_baseline,True,113,480,4.247788,True,0.047862,0.069880,0.117743,
548,arm1_integer_baseline,True,117,480,4.102564,True,0.036578,0.058695,0.095274,
549,arm1_integer_baseline,True,111,480,4.324324,True,0.039006,0.060224,0.099231,
550,arm1_integer_baseline,True,117,480,4.102564,True,0.044654,0.064110,0.108764,
551,arm1_integer_baseline,True,110,480,4.363636,True,0.039951,0.058240,0.098190,
552,arm1_integer_baseline,True,112,480,4.285714,True,0.038579,0.059764,0.098342,
553,arm1_integer_baseline,True,112,480,4.285714,True,0.038997,0.055551,0.094548,
554,arm1_integer_baseline,True,111,480,4.324324,True,0.038806,0.057728,0.096534,
555,arm1_integer_baseline,True,111,480,4.324324,True,0.045710,0.053188,0.098898,
556,arm1_integer_baseline,True,113,480,4.247788,True,0.035901,0.054533,0.090435,
557,arm1_integer_baseline,True,123,480,3.902439,True,0.036015,0.065230,0.101246,
558,arm1_integer_baseline,True,112,480,4.285714,True,0.031769,0.053766,0.085535,
559,arm1_integer_baseline,True,104,480,4.615385,True,0.064219,0.070267,0.134486,
560,arm1_integer_baseline,True,111,480,4.324324,True,0.043198,0.061423,0.104621,
561,arm1_integer_baseline,False,,,,False,0.007540,0.000000,0.007541,Game ended after 28 plies with 114/480 bits embedded — message too long for this carrier game.
562,arm1_integer_baseline,True,117,480,4.102564,True,0.035945,0.054948,0.090893,
563,arm1_integer_baseline,True,115,480,4.173913,True,0.036657,0.053335,0.089992,
564,arm1_integer_baseline,False,,,,False,0.022558,0.000000,0.022559,Game ended after 93 plies with 361/480 bits embedded — message too long for this carrier game.
565,arm1_integer_baseline,True,115,480,4.173913,True,0.031665,0.050607,0.082272,
566,arm1_integer_baseline,True,115,480,4.173913,True,0.040207,0.061138,0.101345,
567,arm1_integer_baseline,True,111,480,4.324324,True,0.047151,0.062458,0.109609,
568,arm1_integer_baseline,True,109,480,4.403670,True,0.041063,0.058640,0.099702,
569,arm1_integer_baseline,True,119,480,4.033613,True,0.035020,0.050867,0.085887,
570,arm1_integer_baseline,True,117,480,4.102564,True,0.038671,0.050583,0.089254,
571,arm1_integer_baseline,True,113,480,4.247788,True,0.039582,0.057386,0.096968,
572,arm1_integer_baseline,True,115,480,4.173913,True,0.039863,0.056882,0.096745,
573,arm1_integer_baseline,True,111,480,4.324324,True,0.040101,0.057164,0.097265,
574,arm1_integer_baseline,True,114,480,4.210526,True,0.037893,0.059050,0.096943,
575,arm1_integer_baseline,True,116,480,4.137931,True,0.037223,0.056686,0.093909,
576,arm1_integer_baseline,True,114,480,4.210526,True,0.038148,0.056750,0.094898,
577,arm1_integer_baseline,True,111,480,4.324324,True,0.037948,0.057874,0.095822,
578,arm1_integer_baseline,False,,,,False,0.026448,0.000000,0.026449,Game ended after 84 plies with 353/480 bits embedded — message too long for this carrier game.
579,arm1_integer_baseline,True,113,480,4.247788,True,0.037298,0.052708,0.090006,
580,arm1_integer_baseline,True,110,480,4.363636,True,0.060866,0.059509,0.120375,
581,arm1_integer_baseline,False,,,,False,0.006553,0.000000,0.006554,Game ended after 24 plies with 101/480 bits embedded — message too long for this carrier game.
582,arm1_integer_baseline,True,111,480,4.324324,True,0.034398,0.051312,0.085710,
583,arm1_integer_baseline,True,109,480,4.403670,True,0.033767,0.049559,0.083326,
584,arm1_integer_baseline,True,106,480,4.528302,True,0.034765,0.050204,0.084969,
585,arm1_integer_baseline,True,115,480,4.173913,True,0.032373,0.052598,0.084970,
586,arm1_integer_baseline,True,115,480,4.173913,True,0.034913,0.053019,0.087932,
587,arm1_integer_baseline,True,108,480,4.444444,True,0.038064,0.053679,0.091744,
588,arm1_integer_baseline,True,112,480,4.285714,True,0.036780,0.055962,0.092742,
589,arm1_integer_baseline,True,113,480,4.247788,True,0.032004,0.050195,0.082199,
590,arm1_integer_baseline,True,110,480,4.363636,True,0.035098,0.050621,0.085719,
591,arm1_integer_baseline,True,113,480,4.247788,True,0.035304,0.053018,0.088322,
592,arm1_integer_baseline,True,109,480,4.403670,True,0.038969,0.059673,0.098642,
593,arm1_integer_baseline,True,110,480,4.363636,True,0.038700,0.055631,0.094331,
594,arm1_integer_baseline,True,110,480,4.363636,True,0.032638,0.046815,0.079453,
595,arm1_integer_baseline,True,116,480,4.137931,True,0.032642,0.049473,0.082116,
596,arm1_integer_baseline,False,,,,False,0.025718,0.000000,0.025719,Game ended after 71 plies with 311/480 bits embedded — message too long for this carrier game.
597,arm1_integer_baseline,True,114,480,4.210526,True,0.034853,0.052237,0.087090,
598,arm1_integer_baseline,True,117,480,4.102564,True,0.036941,0.055462,0.092403,
599,arm1_integer_baseline,True,113,480,4.247788,True,0.037965,0.054685,0.092650,
600,arm1_integer_baseline,True,116,480,4.137931,True,0.034751,0.052923,0.087674,
601,arm1_integer_baseline,False,,,,False,0.028575,0.000000,0.028576,Game ended after 85 plies with 356/480 bits embedded — message too long for this carrier game.
602,arm1_integer_baseline,False,,,,False,0.026774,0.000000,0.026776,Game ended after 84 plies with 361/480 bits embedded — message too long for this carrier game.
603,arm1_integer_baseline,True,119,480,4.033613,True,0.039135,0.056641,0.095776,
604,arm1_integer_baseline,True,107,480,4.485981,True,0.039630,0.053062,0.092691,
605,arm1_integer_baseline,True,106,480,4.528302,True,0.037380,0.051302,0.088682,
606,arm1_integer_baseline,True,115,480,4.173913,True,0.030688,0.052407,0.083095,
607,arm1_integer_baseline,True,118,480,4.067797,True,0.034378,0.055073,0.089451,
608,arm1_integer_baseline,True,103,480,4.660194,True,0.037391,0.050545,0.087936,
609,arm1_integer_baseline,True,119,480,4.033613,True,0.034745,0.052763,0.087508,
610,arm1_integer_baseline,True,123,480,3.902439,True,0.032154,0.051398,0.083552,
611,arm1_integer_baseline,True,109,480,4.403670,True,0.031522,0.048104,0.079625,
612,arm1_integer_baseline,True,118,480,4.067797,True,0.031722,0.049937,0.081659,
613,arm1_integer_baseline,True,113,480,4.247788,True,0.035528,0.052214,0.087742,
614,arm1_integer_baseline,True,119,480,4.033613,True,0.035674,0.054728,0.090402,
615,arm1_integer_baseline,True,118,480,4.067797,True,0.047175,0.055112,0.102287,
616,arm1_integer_baseline,True,116,480,4.137931,True,0.032105,0.051084,0.083189,
617,arm1_integer_baseline,True,117,480,4.102564,True,0.033991,0.054283,0.088274,
618,arm1_integer_baseline,True,119,480,4.033613,True,0.032578,0.050901,0.083478,
619,arm1_integer_baseline,True,122,480,3.934426,True,0.035436,0.055003,0.090439,
620,arm1_integer_baseline,True,113,480,4.247788,True,0.033092,0.057844,0.090937,
621,arm1_integer_baseline,True,110,480,4.363636,True,0.037700,0.052324,0.090024,
622,arm1_integer_baseline,True,111,480,4.324324,True,0.035473,0.049265,0.084738,
623,arm1_integer_baseline,True,118,480,4.067797,True,0.030904,0.050229,0.081133,
624,arm1_integer_baseline,True,109,480,4.403670,True,0.033956,0.049575,0.083531,
625,arm1_integer_baseline,True,110,480,4.363636,True,0.038796,0.053362,0.092158,
626,arm1_integer_baseline,True,118,480,4.067797,True,0.036378,0.058508,0.094887,
627,arm1_integer_baseline,True,114,480,4.210526,True,0.030639,0.048858,0.079498,
628,arm1_integer_baseline,True,112,480,4.285714,True,0.033432,0.050814,0.084246,
629,arm1_integer_baseline,True,114,480,4.210526,True,0.034560,0.051318,0.085878,
630,arm1_integer_baseline,True,108,480,4.444444,True,0.036407,0.048865,0.085272,
631,arm1_integer_baseline,True,118,480,4.067797,True,0.031940,0.052053,0.083992,
632,arm1_integer_baseline,True,111,480,4.324324,True,0.035599,0.054531,0.090131,
633,arm1_integer_baseline,True,109,480,4.403670,True,0.035177,0.052474,0.087651,
634,arm1_integer_baseline,True,114,480,4.210526,True,0.031472,0.049000,0.080472,
635,arm1_integer_baseline,True,112,480,4.285714,True,0.037432,0.057534,0.094966,
636,arm1_integer_baseline,True,109,480,4.403670,True,0.036138,0.051769,0.087907,
637,arm1_integer_baseline,True,108,480,4.444444,True,0.037293,0.056621,0.093914,
638,arm1_integer_baseline,True,118,480,4.067797,True,0.034953,0.053472,0.088425,
639,arm1_integer_baseline,True,115,480,4.173913,True,0.035090,0.054917,0.090007,
640,arm1_integer_baseline,True,113,480,4.247788,True,0.035194,0.048373,0.083567,
641,arm1_integer_baseline,True,116,480,4.137931,True,0.032490,0.050164,0.082653,
642,arm1_integer_baseline,True,109,480,4.403670,True,0.034776,0.051556,0.086332,
643,arm1_integer_baseline,True,112,480,4.285714,True,0.033473,0.050660,0.084133,
644,arm1_integer_baseline,True,127,480,3.779528,True,0.031027,0.055381,0.086408,
645,arm1_integer_baseline,True,113,480,4.247788,True,0.031118,0.049325,0.080443,
646,arm1_integer_baseline,True,113,480,4.247788,True,0.034814,0.053861,0.088675,
647,arm1_integer_baseline,True,108,480,4.444444,True,0.036921,0.055899,0.092820,
648,arm1_integer_baseline,True,121,480,3.966942,True,0.031337,0.050929,0.082266,
649,arm1_integer_baseline,True,115,480,4.173913,True,0.032366,0.050277,0.082643,
650,arm1_integer_baseline,True,106,480,4.528302,True,0.039050,0.060400,0.099450,
651,arm1_integer_baseline,True,104,480,4.615385,True,0.036393,0.050264,0.086657,
652,arm1_integer_baseline,True,112,480,4.285714,True,0.035765,0.051623,0.087388,
653,arm1_integer_baseline,True,119,480,4.033613,True,0.030883,0.049783,0.080666,
654,arm1_integer_baseline,True,109,480,4.403670,True,0.034658,0.051466,0.086124,
655,arm1_integer_baseline,True,115,480,4.173913,True,0.034972,0.054593,0.089565,
656,arm1_integer_baseline,True,115,480,4.173913,True,0.042119,0.066503,0.108623,
657,arm1_integer_baseline,True,114,480,4.210526,True,0.036183,0.053989,0.090172,
658,arm1_integer_baseline,True,105,480,4.571429,True,0.042048,0.054743,0.096791,
659,arm1_integer_baseline,True,116,480,4.137931,True,0.029132,0.048800,0.077931,
660,arm1_integer_baseline,True,117,480,4.102564,True,0.034525,0.053764,0.088289,
661,arm1_integer_baseline,True,105,480,4.571429,True,0.036432,0.050829,0.087261,
662,arm1_integer_baseline,True,124,480,3.870968,True,0.031564,0.052208,0.083772,
663,arm1_integer_baseline,True,109,480,4.403670,True,0.032249,0.048056,0.080305,
664,arm1_integer_baseline,True,109,480,4.403670,True,0.036234,0.049484,0.085718,
665,arm1_integer_baseline,True,118,480,4.067797,True,0.030922,0.050204,0.081126,
666,arm1_integer_baseline,False,,,,False,0.029308,0.000000,0.029308,Game ended after 93 plies with 396/480 bits embedded — message too long for this carrier game.
667,arm1_integer_baseline,True,116,480,4.137931,True,0.032279,0.052424,0.084704,
668,arm1_integer_baseline,False,,,,False,0.028996,0.000000,0.028997,Game ended after 83 plies with 385/480 bits embedded — message too long for this carrier game.
669,arm1_integer_baseline,True,119,480,4.033613,True,0.030513,0.049873,0.080387,
670,arm1_integer_baseline,True,122,480,3.934426,True,0.038835,0.066058,0.104893,
671,arm1_integer_baseline,True,113,480,4.247788,True,0.034895,0.050988,0.085883,
672,arm1_integer_baseline,True,110,480,4.363636,True,0.037081,0.053418,0.090500,
673,arm1_integer_baseline,True,112,480,4.285714,True,0.035283,0.052610,0.087892,
674,arm1_integer_baseline,True,105,480,4.571429,True,0.036427,0.054839,0.091266,
675,arm1_integer_baseline,True,117,480,4.102564,True,0.030599,0.050107,0.080706,
676,arm1_integer_baseline,True,104,480,4.615385,True,0.035502,0.051211,0.086714,
677,arm1_integer_baseline,True,114,480,4.210526,True,0.042887,0.056226,0.099113,
678,arm1_integer_baseline,True,114,480,4.210526,True,0.044356,0.060070,0.104425,
679,arm1_integer_baseline,True,120,480,4.000000,True,0.041228,0.063871,0.105099,
680,arm1_integer_baseline,True,122,480,3.934426,True,0.034667,0.054457,0.089124,
681,arm1_integer_baseline,True,115,480,4.173913,True,0.033913,0.049613,0.083526,
682,arm1_integer_baseline,True,114,480,4.210526,True,0.033015,0.050686,0.083701,
683,arm1_integer_baseline,True,105,480,4.571429,True,0.038622,0.052465,0.091087,
684,arm1_integer_baseline,True,116,480,4.137931,True,0.037372,0.054629,0.092001,
685,arm1_integer_baseline,True,111,480,4.324324,True,0.044055,0.058266,0.102321,
686,arm1_integer_baseline,True,111,480,4.324324,True,0.036687,0.049421,0.086108,
687,arm1_integer_baseline,True,116,480,4.137931,True,0.035114,0.052410,0.087525,
688,arm1_integer_baseline,True,110,480,4.363636,True,0.059437,0.066973,0.126410,
689,arm1_integer_baseline,True,116,480,4.137931,True,0.035522,0.052463,0.087984,
690,arm1_integer_baseline,True,110,480,4.363636,True,0.035519,0.051030,0.086549,
691,arm1_integer_baseline,True,116,480,4.137931,True,0.032149,0.058942,0.091090,
692,arm1_integer_baseline,True,113,480,4.247788,True,0.039122,0.055648,0.094770,
693,arm1_integer_baseline,True,115,480,4.173913,True,0.033635,0.052118,0.085753,
694,arm1_integer_baseline,True,116,480,4.137931,True,0.035045,0.053715,0.088760,
695,arm1_integer_baseline,True,109,480,4.403670,True,0.035380,0.053473,0.088854,
696,arm1_integer_baseline,True,115,480,4.173913,True,0.036867,0.055670,0.092537,
697,arm1_integer_baseline,True,119,480,4.033613,True,0.034703,0.055797,0.090500,
698,arm1_integer_baseline,True,112,480,4.285714,True,0.034302,0.055049,0.089350,
699,arm1_integer_baseline,True,114,480,4.210526,True,0.042188,0.067723,0.109911,
700,arm1_integer_baseline,True,114,480,4.210526,True,0.036614,0.052718,0.089332,
701,arm1_integer_baseline,True,120,480,4.000000,True,0.035466,0.058030,0.093497,
702,arm1_integer_baseline,True,116,480,4.137931,True,0.036679,0.055535,0.092214,
703,arm1_integer_baseline,True,115,480,4.173913,True,0.034628,0.052735,0.087363,
704,arm1_integer_baseline,True,118,480,4.067797,True,0.029281,0.049525,0.078805,
705,arm1_integer_baseline,True,105,480,4.571429,True,0.041945,0.056280,0.098225,
706,arm1_integer_baseline,True,116,480,4.137931,True,0.038212,0.056971,0.095183,
707,arm1_integer_baseline,True,119,480,4.033613,True,0.041316,0.063227,0.104544,
708,arm1_integer_baseline,True,123,480,3.902439,True,0.035021,0.055107,0.090128,
709,arm1_integer_baseline,True,114,480,4.210526,True,0.032737,0.055697,0.088433,
710,arm1_integer_baseline,True,119,480,4.033613,True,0.036988,0.056456,0.093444,
711,arm1_integer_baseline,True,110,480,4.363636,True,0.036765,0.056426,0.093192,
712,arm1_integer_baseline,True,116,480,4.137931,True,0.042477,0.065410,0.107886,
713,arm1_integer_baseline,True,111,480,4.324324,True,0.033662,0.050792,0.084454,
714,arm1_integer_baseline,True,118,480,4.067797,True,0.031516,0.050731,0.082247,
715,arm1_integer_baseline,True,113,480,4.247788,True,0.034021,0.050543,0.084564,
716,arm1_integer_baseline,True,107,480,4.485981,True,0.034297,0.049272,0.083568,
717,arm1_integer_baseline,True,110,480,4.363636,True,0.034534,0.050917,0.085451,
718,arm1_integer_baseline,True,113,480,4.247788,True,0.033260,0.053170,0.086430,
719,arm1_integer_baseline,True,110,480,4.363636,True,0.041630,0.058378,0.100009,
720,arm1_integer_baseline,True,115,480,4.173913,True,0.030831,0.051620,0.082451,
721,arm1_integer_baseline,True,111,480,4.324324,True,0.034923,0.051537,0.086460,
722,arm1_integer_baseline,True,112,480,4.285714,True,0.040983,0.055655,0.096638,
723,arm1_integer_baseline,True,110,480,4.363636,True,0.037912,0.059974,0.097886,
724,arm1_integer_baseline,True,118,480,4.067797,True,0.029692,0.050797,0.080489,
725,arm1_integer_baseline,True,120,480,4.000000,True,0.033607,0.057898,0.091505,
726,arm1_integer_baseline,True,119,480,4.033613,True,0.028667,0.049428,0.078095,
727,arm1_integer_baseline,True,111,480,4.324324,True,0.038228,0.054104,0.092332,
728,arm1_integer_baseline,True,110,480,4.363636,True,0.036245,0.056365,0.092610,
729,arm1_integer_baseline,True,113,480,4.247788,True,0.038569,0.064763,0.103332,
730,arm1_integer_baseline,True,110,480,4.363636,True,0.042341,0.062448,0.104789,
731,arm1_integer_baseline,True,107,480,4.485981,True,0.043327,0.058431,0.101758,
732,arm1_integer_baseline,False,,,,False,0.008849,0.000000,0.008850,Game ended after 42 plies with 168/480 bits embedded — message too long for this carrier game.
733,arm1_integer_baseline,True,116,480,4.137931,True,0.031442,0.049146,0.080588,
734,arm1_integer_baseline,True,113,480,4.247788,True,0.042441,0.061860,0.104301,
735,arm1_integer_baseline,True,123,480,3.902439,True,0.035819,0.059719,0.095538,
736,arm1_integer_baseline,True,116,480,4.137931,True,0.035650,0.054154,0.089804,
737,arm1_integer_baseline,True,117,480,4.102564,True,0.035656,0.056789,0.092445,
738,arm1_integer_baseline,True,119,480,4.033613,True,0.039636,0.067799,0.107435,
739,arm1_integer_baseline,True,113,480,4.247788,True,0.038469,0.056811,0.095280,
740,arm1_integer_baseline,True,105,480,4.571429,True,0.033546,0.049163,0.082709,
741,arm1_integer_baseline,True,106,480,4.528302,True,0.038832,0.056509,0.095341,
742,arm1_integer_baseline,True,121,480,3.966942,True,0.034008,0.057898,0.091907,
743,arm1_integer_baseline,True,123,480,3.902439,True,0.035441,0.063716,0.099157,
744,arm1_integer_baseline,True,108,480,4.444444,True,0.047616,0.065513,0.113129,
745,arm1_integer_baseline,True,115,480,4.173913,True,0.032889,0.056300,0.089189,
746,arm1_integer_baseline,True,117,480,4.102564,True,0.043320,0.069336,0.112656,
747,arm1_integer_baseline,True,121,480,3.966942,True,0.035271,0.054707,0.089978,
748,arm1_integer_baseline,True,108,480,4.444444,True,0.037962,0.052893,0.090855,
749,arm1_integer_baseline,True,106,480,4.528302,True,0.040270,0.055921,0.096191,
750,arm1_integer_baseline,True,111,480,4.324324,True,0.041131,0.056162,0.097293,
751,arm1_integer_baseline,True,121,480,3.966942,True,0.029811,0.050532,0.080343,
752,arm1_integer_baseline,True,108,480,4.444444,True,0.040125,0.054415,0.094540,
753,arm1_integer_baseline,True,115,480,4.173913,True,0.038081,0.064890,0.102971,
754,arm1_integer_baseline,True,115,480,4.173913,True,0.033370,0.053115,0.086485,
755,arm1_integer_baseline,True,114,480,4.210526,True,0.032953,0.050390,0.083344,
756,arm1_integer_baseline,True,117,480,4.102564,True,0.034534,0.052148,0.086682,
757,arm1_integer_baseline,True,114,480,4.210526,True,0.034396,0.050025,0.084420,
758,arm1_integer_baseline,True,115,480,4.173913,True,0.033774,0.052765,0.086540,
759,arm1_integer_baseline,True,113,480,4.247788,True,0.036081,0.057656,0.093737,
760,arm1_integer_baseline,True,106,480,4.528302,True,0.044824,0.061986,0.106810,
761,arm1_integer_baseline,True,109,480,4.403670,True,0.032013,0.048456,0.080468,
762,arm1_integer_baseline,True,106,480,4.528302,True,0.034806,0.049960,0.084766,
763,arm1_integer_baseline,True,104,480,4.615385,True,0.036536,0.052976,0.089512,
764,arm1_integer_baseline,True,114,480,4.210526,True,0.037483,0.057518,0.095001,
765,arm1_integer_baseline,True,111,480,4.324324,True,0.037352,0.059244,0.096596,
766,arm1_integer_baseline,True,121,480,3.966942,True,0.036303,0.058971,0.095273,
767,arm1_integer_baseline,True,111,480,4.324324,True,0.035327,0.047861,0.083188,
768,arm1_integer_baseline,True,109,480,4.403670,True,0.040544,0.054314,0.094858,
769,arm1_integer_baseline,True,116,480,4.137931,True,0.036842,0.053851,0.090693,
770,arm1_integer_baseline,True,107,480,4.485981,True,0.037947,0.052994,0.090941,
771,arm1_integer_baseline,True,112,480,4.285714,True,0.034764,0.052725,0.087489,
772,arm1_integer_baseline,True,122,480,3.934426,True,0.034511,0.053551,0.088062,
773,arm1_integer_baseline,True,115,480,4.173913,True,0.032616,0.049891,0.082507,
774,arm1_integer_baseline,True,112,480,4.285714,True,0.032684,0.049787,0.082471,
775,arm1_integer_baseline,True,118,480,4.067797,True,0.032064,0.053749,0.085813,
776,arm1_integer_baseline,True,116,480,4.137931,True,0.034972,0.058713,0.093685,
777,arm1_integer_baseline,True,111,480,4.324324,True,0.034548,0.052704,0.087252,
778,arm1_integer_baseline,True,109,480,4.403670,True,0.042681,0.065470,0.108152,
779,arm1_integer_baseline,True,131,480,3.664122,True,0.031007,0.054069,0.085076,
780,arm1_integer_baseline,True,115,480,4.173913,True,0.029653,0.047937,0.077590,
781,arm1_integer_baseline,True,109,480,4.403670,True,0.037271,0.054602,0.091872,
782,arm1_integer_baseline,True,112,480,4.285714,True,0.039510,0.075719,0.115229,
783,arm1_integer_baseline,True,108,480,4.444444,True,0.040812,0.057705,0.098516,
784,arm1_integer_baseline,False,,,,False,0.022261,0.000000,0.022262,Game ended after 79 plies with 330/480 bits embedded — message too long for this carrier game.
785,arm1_integer_baseline,True,118,480,4.067797,True,0.035765,0.055034,0.090799,
786,arm1_integer_baseline,True,119,480,4.033613,True,0.032784,0.057550,0.090334,
787,arm1_integer_baseline,True,116,480,4.137931,True,0.028464,0.049966,0.078430,
788,arm1_integer_baseline,True,112,480,4.285714,True,0.034789,0.051896,0.086685,
789,arm1_integer_baseline,True,113,480,4.247788,True,0.039066,0.056763,0.095829,
790,arm1_integer_baseline,True,118,480,4.067797,True,0.034213,0.054348,0.088561,
791,arm1_integer_baseline,True,110,480,4.363636,True,0.034126,0.051397,0.085524,
792,arm1_integer_baseline,True,109,480,4.403670,True,0.042827,0.057650,0.100477,
793,arm1_integer_baseline,True,112,480,4.285714,True,0.039777,0.059301,0.099078,
794,arm1_integer_baseline,True,114,480,4.210526,True,0.028946,0.047346,0.076291,
795,arm1_integer_baseline,True,119,480,4.033613,True,0.041738,0.056434,0.098172,
796,arm1_integer_baseline,True,119,480,4.033613,True,0.035869,0.056864,0.092733,
797,arm1_integer_baseline,True,114,480,4.210526,True,0.039283,0.058253,0.097536,
798,arm1_integer_baseline,True,113,480,4.247788,True,0.041230,0.067393,0.108624,
799,arm1_integer_baseline,True,113,480,4.247788,True,0.040297,0.058486,0.098784,
800,arm1_integer_baseline,True,116,480,4.137931,True,0.047546,0.065141,0.112687,
801,arm1_integer_baseline,True,111,480,4.324324,True,0.039707,0.065220,0.104926,
802,arm1_integer_baseline,True,120,480,4.000000,True,0.036786,0.055595,0.092382,
803,arm1_integer_baseline,True,110,480,4.363636,True,0.045146,0.062348,0.107494,
804,arm1_integer_baseline,False,,,,False,0.020473,0.000000,0.020474,Game ended after 64 plies with 257/480 bits embedded — message too long for this carrier game.
805,arm1_integer_baseline,True,113,480,4.247788,True,0.036046,0.055487,0.091533,
806,arm1_integer_baseline,True,112,480,4.285714,True,0.045302,0.076794,0.122096,
807,arm1_integer_baseline,True,110,480,4.363636,True,0.035251,0.053952,0.089203,
808,arm1_integer_baseline,False,,,,False,0.031561,0.000000,0.031562,Game ended after 85 plies with 377/480 bits embedded — message too long for this carrier game.
809,arm1_integer_baseline,True,114,480,4.210526,True,0.031453,0.050146,0.081599,
810,arm1_integer_baseline,True,112,480,4.285714,True,0.035090,0.051344,0.086434,
811,arm1_integer_baseline,True,111,480,4.324324,True,0.034256,0.055664,0.089920,
812,arm1_integer_baseline,True,118,480,4.067797,True,0.030816,0.050767,0.081582,
813,arm1_integer_baseline,True,109,480,4.403670,True,0.031779,0.050229,0.082008,
814,arm1_integer_baseline,True,111,480,4.324324,True,0.037775,0.051717,0.089492,
815,arm1_integer_baseline,True,113,480,4.247788,True,0.030577,0.058711,0.089288,
816,arm1_integer_baseline,False,,,,False,0.026806,0.000000,0.026807,Game ended after 81 plies with 341/480 bits embedded — message too long for this carrier game.
817,arm1_integer_baseline,True,114,480,4.210526,True,0.046519,0.063461,0.109980,
818,arm1_integer_baseline,True,117,480,4.102564,True,0.034254,0.054395,0.088649,
819,arm1_integer_baseline,True,113,480,4.247788,True,0.035230,0.052684,0.087914,
820,arm1_integer_baseline,True,121,480,3.966942,True,0.033049,0.057025,0.090074,
821,arm1_integer_baseline,True,108,480,4.444444,True,0.041381,0.053466,0.094847,
822,arm1_integer_baseline,True,113,480,4.247788,True,0.036128,0.052699,0.088827,
823,arm1_integer_baseline,True,117,480,4.102564,True,0.038385,0.056204,0.094589,
824,arm1_integer_baseline,True,117,480,4.102564,True,0.031909,0.048909,0.080819,
825,arm1_integer_baseline,True,115,480,4.173913,True,0.033576,0.051187,0.084762,
826,arm1_integer_baseline,True,118,480,4.067797,True,0.031117,0.046130,0.077247,
827,arm1_integer_baseline,True,113,480,4.247788,True,0.044560,0.047476,0.092036,
828,arm1_integer_baseline,True,109,480,4.403670,True,0.030938,0.045949,0.076886,
829,arm1_integer_baseline,False,,,,False,0.004861,0.000000,0.004862,Game ended after 20 plies with 84/480 bits embedded — message too long for this carrier game.
830,arm1_integer_baseline,True,118,480,4.067797,True,0.032161,0.049143,0.081304,
831,arm1_integer_baseline,True,110,480,4.363636,True,0.070753,0.066734,0.137487,
832,arm1_integer_baseline,True,109,480,4.403670,True,0.031965,0.047190,0.079155,
833,arm1_integer_baseline,True,111,480,4.324324,True,0.035736,0.049621,0.085357,
834,arm1_integer_baseline,True,112,480,4.285714,True,0.032573,0.047308,0.079881,
835,arm1_integer_baseline,True,112,480,4.285714,True,0.033885,0.047436,0.081321,
836,arm1_integer_baseline,False,,,,False,0.020333,0.000000,0.020334,Game ended after 71 plies with 312/480 bits embedded — message too long for this carrier game.
837,arm1_integer_baseline,False,,,,False,0.021018,0.000000,0.021019,Game ended after 73 plies with 303/480 bits embedded — message too long for this carrier game.
838,arm1_integer_baseline,True,111,480,4.324324,True,0.043049,0.049862,0.092911,
839,arm1_integer_baseline,True,114,480,4.210526,True,0.057333,0.057257,0.114590,
840,arm1_integer_baseline,True,114,480,4.210526,True,0.035115,0.052781,0.087896,
841,arm1_integer_baseline,False,,,,False,0.019046,0.000000,0.019046,Game ended after 70 plies with 304/480 bits embedded — message too long for this carrier game.
842,arm1_integer_baseline,True,117,480,4.102564,True,0.030945,0.048722,0.079668,
843,arm1_integer_baseline,True,116,480,4.137931,True,0.033062,0.050015,0.083077,
844,arm1_integer_baseline,True,111,480,4.324324,True,0.035055,0.050739,0.085794,
845,arm1_integer_baseline,True,113,480,4.247788,True,0.035366,0.049637,0.085003,
846,arm1_integer_baseline,True,121,480,3.966942,True,0.030572,0.051556,0.082128,
847,arm1_integer_baseline,True,116,480,4.137931,True,0.029729,0.046540,0.076270,
848,arm1_integer_baseline,True,111,480,4.324324,True,0.031458,0.050031,0.081489,
849,arm1_integer_baseline,True,108,480,4.444444,True,0.032679,0.046910,0.079589,
850,arm1_integer_baseline,True,116,480,4.137931,True,0.057441,0.055775,0.113216,
851,arm1_integer_baseline,True,106,480,4.528302,True,0.032799,0.047728,0.080526,
852,arm1_integer_baseline,True,113,480,4.247788,True,0.032696,0.049551,0.082247,
853,arm1_integer_baseline,True,114,480,4.210526,True,0.030476,0.047986,0.078461,
854,arm1_integer_baseline,True,113,480,4.247788,True,0.031460,0.051203,0.082663,
855,arm1_integer_baseline,True,114,480,4.210526,True,0.058170,0.057541,0.115711,
856,arm1_integer_baseline,True,111,480,4.324324,True,0.032629,0.047068,0.079697,
857,arm1_integer_baseline,True,109,480,4.403670,True,0.034093,0.050058,0.084151,
858,arm1_integer_baseline,True,104,480,4.615385,True,0.039551,0.052712,0.092263,
859,arm1_integer_baseline,True,117,480,4.102564,True,0.031648,0.048630,0.080279,
860,arm1_integer_baseline,True,118,480,4.067797,True,0.030223,0.049195,0.079418,
861,arm1_integer_baseline,True,119,480,4.033613,True,0.030340,0.048586,0.078926,
862,arm1_integer_baseline,True,112,480,4.285714,True,0.031729,0.047994,0.079723,
863,arm1_integer_baseline,True,112,480,4.285714,True,0.032614,0.048220,0.080834,
864,arm1_integer_baseline,False,,,,False,0.017103,0.000000,0.017103,Game ended after 57 plies with 247/480 bits embedded — message too long for this carrier game.
865,arm1_integer_baseline,True,112,480,4.285714,True,0.033116,0.054084,0.087200,
866,arm1_integer_baseline,True,112,480,4.285714,True,0.033779,0.055955,0.089733,
867,arm1_integer_baseline,True,113,480,4.247788,True,0.031932,0.049175,0.081107,
868,arm1_integer_baseline,True,110,480,4.363636,True,0.034316,0.052423,0.086739,
869,arm1_integer_baseline,True,112,480,4.285714,True,0.033543,0.048265,0.081808,
870,arm1_integer_baseline,True,117,480,4.102564,True,0.029591,0.046996,0.076586,
871,arm1_integer_baseline,True,115,480,4.173913,True,0.031778,0.049451,0.081229,
872,arm1_integer_baseline,True,114,480,4.210526,True,0.035629,0.061077,0.096707,
873,arm1_integer_baseline,True,110,480,4.363636,True,0.036610,0.046840,0.083450,
874,arm1_integer_baseline,True,119,480,4.033613,True,0.029809,0.049151,0.078960,
875,arm1_integer_baseline,True,113,480,4.247788,True,0.034506,0.048515,0.083021,
876,arm1_integer_baseline,True,121,480,3.966942,True,0.030980,0.047018,0.077998,
877,arm1_integer_baseline,True,113,480,4.247788,True,0.031854,0.049511,0.081365,
878,arm1_integer_baseline,True,106,480,4.528302,True,0.033042,0.065122,0.098164,
879,arm1_integer_baseline,True,114,480,4.210526,True,0.036175,0.052168,0.088343,
880,arm1_integer_baseline,True,118,480,4.067797,True,0.028251,0.046360,0.074611,
881,arm1_integer_baseline,True,111,480,4.324324,True,0.034491,0.047431,0.081921,
882,arm1_integer_baseline,True,106,480,4.528302,True,0.035402,0.048638,0.084040,
883,arm1_integer_baseline,True,110,480,4.363636,True,0.033974,0.050147,0.084121,
884,arm1_integer_baseline,True,113,480,4.247788,True,0.033561,0.050452,0.084013,
885,arm1_integer_baseline,True,118,480,4.067797,True,0.029949,0.049855,0.079804,
886,arm1_integer_baseline,True,111,480,4.324324,True,0.040476,0.055801,0.096276,
887,arm1_integer_baseline,True,111,480,4.324324,True,0.032633,0.049090,0.081723,
888,arm1_integer_baseline,True,107,480,4.485981,True,0.033471,0.048837,0.082308,
889,arm1_integer_baseline,True,121,480,3.966942,True,0.033958,0.045245,0.079203,
890,arm1_integer_baseline,True,114,480,4.210526,True,0.031979,0.047093,0.079072,
891,arm1_integer_baseline,False,,,,False,0.031850,0.000000,0.031851,Game ended after 107 plies with 454/480 bits embedded — message too long for this carrier game.
892,arm1_integer_baseline,True,116,480,4.137931,True,0.033949,0.052727,0.086676,
893,arm1_integer_baseline,True,116,480,4.137931,True,0.030175,0.048901,0.079076,
894,arm1_integer_baseline,True,106,480,4.528302,True,0.035243,0.049846,0.085089,
895,arm1_integer_baseline,True,113,480,4.247788,True,0.031416,0.048914,0.080329,
896,arm1_integer_baseline,True,109,480,4.403670,True,0.032585,0.047356,0.079941,
897,arm1_integer_baseline,True,116,480,4.137931,True,0.034446,0.051864,0.086310,
898,arm1_integer_baseline,True,106,480,4.528302,True,0.033189,0.047315,0.080504,
899,arm1_integer_baseline,True,112,480,4.285714,True,0.033500,0.052103,0.085603,
900,arm1_integer_baseline,True,123,480,3.902439,True,0.030189,0.049647,0.079835,
901,arm1_integer_baseline,True,111,480,4.324324,True,0.034844,0.050687,0.085532,
902,arm1_integer_baseline,True,122,480,3.934426,True,0.035841,0.051679,0.087520,
903,arm1_integer_baseline,True,116,480,4.137931,True,0.032504,0.049655,0.082160,
904,arm1_integer_baseline,True,108,480,4.444444,True,0.035721,0.050616,0.086337,
905,arm1_integer_baseline,True,115,480,4.173913,True,0.034731,0.050783,0.085514,
906,arm1_integer_baseline,True,117,480,4.102564,True,0.033225,0.050061,0.083286,
907,arm1_integer_baseline,True,108,480,4.444444,True,0.036914,0.045881,0.082795,
908,arm1_integer_baseline,True,106,480,4.528302,True,0.037067,0.050587,0.087654,
909,arm1_integer_baseline,True,115,480,4.173913,True,0.032255,0.047060,0.079315,
910,arm1_integer_baseline,True,118,480,4.067797,True,0.026715,0.044909,0.071624,
911,arm1_integer_baseline,True,113,480,4.247788,True,0.034249,0.049661,0.083910,
912,arm1_integer_baseline,True,114,480,4.210526,True,0.031657,0.048959,0.080615,
913,arm1_integer_baseline,True,118,480,4.067797,True,0.027849,0.045361,0.073210,
914,arm1_integer_baseline,True,115,480,4.173913,True,0.027988,0.043510,0.071498,
915,arm1_integer_baseline,True,106,480,4.528302,True,0.033858,0.046600,0.080458,
916,arm1_integer_baseline,True,113,480,4.247788,True,0.032298,0.048167,0.080465,
917,arm1_integer_baseline,True,114,480,4.210526,True,0.032880,0.043081,0.075961,
918,arm1_integer_baseline,True,116,480,4.137931,True,0.030508,0.047278,0.077786,
919,arm1_integer_baseline,True,117,480,4.102564,True,0.031298,0.048124,0.079422,
920,arm1_integer_baseline,True,108,480,4.444444,True,0.033575,0.048695,0.082270,
921,arm1_integer_baseline,True,111,480,4.324324,True,0.037467,0.051557,0.089024,
922,arm1_integer_baseline,True,116,480,4.137931,True,0.029585,0.046048,0.075633,
923,arm1_integer_baseline,True,109,480,4.403670,True,0.033034,0.047252,0.080285,
924,arm1_integer_baseline,True,113,480,4.247788,True,0.035505,0.051767,0.087271,
925,arm1_integer_baseline,True,117,480,4.102564,True,0.031228,0.047256,0.078484,
926,arm1_integer_baseline,True,112,480,4.285714,True,0.033169,0.049056,0.082225,
927,arm1_integer_baseline,True,114,480,4.210526,True,0.032120,0.047205,0.079325,
928,arm1_integer_baseline,True,120,480,4.000000,True,0.028164,0.045527,0.073690,
929,arm1_integer_baseline,True,113,480,4.247788,True,0.031740,0.049074,0.080814,
930,arm1_integer_baseline,True,105,480,4.571429,True,0.038529,0.050130,0.088659,
931,arm1_integer_baseline,True,110,480,4.363636,True,0.031109,0.049633,0.080742,
932,arm1_integer_baseline,True,114,480,4.210526,True,0.034239,0.050983,0.085222,
933,arm1_integer_baseline,True,110,480,4.363636,True,0.035951,0.051940,0.087890,
934,arm1_integer_baseline,True,118,480,4.067797,True,0.032043,0.051297,0.083340,
935,arm1_integer_baseline,True,113,480,4.247788,True,0.032541,0.047868,0.080409,
936,arm1_integer_baseline,True,110,480,4.363636,True,0.035281,0.051599,0.086880,
937,arm1_integer_baseline,True,111,480,4.324324,True,0.038243,0.051909,0.090153,
938,arm1_integer_baseline,True,117,480,4.102564,True,0.031377,0.047628,0.079006,
939,arm1_integer_baseline,True,111,480,4.324324,True,0.035222,0.050024,0.085246,
940,arm1_integer_baseline,True,127,480,3.779528,True,0.030189,0.052728,0.082917,
941,arm1_integer_baseline,True,108,480,4.444444,True,0.037127,0.051904,0.089030,
942,arm1_integer_baseline,True,109,480,4.403670,True,0.035258,0.046812,0.082070,
943,arm1_integer_baseline,True,108,480,4.444444,True,0.035196,0.049792,0.084987,
944,arm1_integer_baseline,True,116,480,4.137931,True,0.031636,0.048512,0.080148,
945,arm1_integer_baseline,True,116,480,4.137931,True,0.032130,0.050558,0.082688,
946,arm1_integer_baseline,True,108,480,4.444444,True,0.034344,0.044843,0.079187,
947,arm1_integer_baseline,False,,,,False,0.028628,0.000000,0.028629,Game ended after 100 plies with 430/480 bits embedded — message too long for this carrier game.
948,arm1_integer_baseline,True,107,480,4.485981,True,0.031336,0.045715,0.077051,
949,arm1_integer_baseline,True,115,480,4.173913,True,0.028623,0.047489,0.076112,
950,arm1_integer_baseline,True,108,480,4.444444,True,0.035708,0.050413,0.086121,
951,arm1_integer_baseline,True,107,480,4.485981,True,0.034149,0.045213,0.079362,
952,arm1_integer_baseline,True,113,480,4.247788,True,0.034981,0.050135,0.085117,
953,arm1_integer_baseline,True,110,480,4.363636,True,0.033234,0.048334,0.081567,
954,arm1_integer_baseline,True,118,480,4.067797,True,0.031045,0.048996,0.080041,
955,arm1_integer_baseline,True,115,480,4.173913,True,0.034385,0.051478,0.085863,
956,arm1_integer_baseline,True,119,480,4.033613,True,0.034799,0.052228,0.087028,
957,arm1_integer_baseline,True,125,480,3.840000,True,0.031742,0.050027,0.081769,
958,arm1_integer_baseline,True,109,480,4.403670,True,0.036314,0.050547,0.086862,
959,arm1_integer_baseline,True,115,480,4.173913,True,0.030766,0.045042,0.075808,
960,arm1_integer_baseline,True,106,480,4.528302,True,0.032758,0.048795,0.081553,
961,arm1_integer_baseline,True,110,480,4.363636,True,0.033465,0.049753,0.083218,
962,arm1_integer_baseline,True,114,480,4.210526,True,0.030934,0.047456,0.078390,
963,arm1_integer_baseline,True,108,480,4.444444,True,0.037378,0.054657,0.092035,
964,arm1_integer_baseline,True,115,480,4.173913,True,0.032621,0.047819,0.080440,
965,arm1_integer_baseline,True,113,480,4.247788,True,0.031634,0.045997,0.077631,
966,arm1_integer_baseline,True,114,480,4.210526,True,0.034127,0.050721,0.084849,
967,arm1_integer_baseline,True,116,480,4.137931,True,0.034198,0.053159,0.087358,
968,arm1_integer_baseline,True,107,480,4.485981,True,0.043738,0.048143,0.091881,
969,arm1_integer_baseline,True,112,480,4.285714,True,0.036214,0.050299,0.086513,
970,arm1_integer_baseline,True,120,480,4.000000,True,0.030343,0.050023,0.080365,
971,arm1_integer_baseline,False,,,,False,0.031173,0.000000,0.031174,Game ended after 110 plies with 457/480 bits embedded — message too long for this carrier game.
972,arm1_integer_baseline,True,111,480,4.324324,True,0.033380,0.048904,0.082284,
973,arm1_integer_baseline,True,115,480,4.173913,True,0.029924,0.048934,0.078857,
974,arm1_integer_baseline,True,116,480,4.137931,True,0.034131,0.052173,0.086304,
975,arm1_integer_baseline,True,112,480,4.285714,True,0.032237,0.048555,0.080792,
976,arm1_integer_baseline,True,106,480,4.528302,True,0.034429,0.045414,0.079843,
977,arm1_integer_baseline,True,115,480,4.173913,True,0.031030,0.050099,0.081129,
978,arm1_integer_baseline,True,114,480,4.210526,True,0.029990,0.048170,0.078160,
979,arm1_integer_baseline,True,110,480,4.363636,True,0.033700,0.051956,0.085656,
980,arm1_integer_baseline,True,122,480,3.934426,True,0.028604,0.049017,0.077622,
981,arm1_integer_baseline,True,115,480,4.173913,True,0.031775,0.047605,0.079380,
982,arm1_integer_baseline,True,105,480,4.571429,True,0.033621,0.046287,0.079908,
983,arm1_integer_baseline,True,117,480,4.102564,True,0.030762,0.048363,0.079125,
984,arm1_integer_baseline,True,111,480,4.324324,True,0.032567,0.047049,0.079616,
985,arm1_integer_baseline,True,110,480,4.363636,True,0.032805,0.047674,0.080479,
986,arm1_integer_baseline,True,114,480,4.210526,True,0.029547,0.045304,0.074851,
987,arm1_integer_baseline,True,118,480,4.067797,True,0.030382,0.047349,0.077730,
988,arm1_integer_baseline,True,116,480,4.137931,True,0.029886,0.047767,0.077653,
989,arm1_integer_baseline,True,113,480,4.247788,True,0.033631,0.048106,0.081736,
990,arm1_integer_baseline,True,108,480,4.444444,True,0.034536,0.047950,0.082487,
991,arm1_integer_baseline,True,127,480,3.779528,True,0.028118,0.047502,0.075620,
992,arm1_integer_baseline,True,114,480,4.210526,True,0.031500,0.047007,0.078507,
993,arm1_integer_baseline,True,113,480,4.247788,True,0.035613,0.046857,0.082470,
994,arm1_integer_baseline,True,118,480,4.067797,True,0.029597,0.046757,0.076354,
995,arm1_integer_baseline,True,113,480,4.247788,True,0.031376,0.046586,0.077961,
996,arm1_integer_baseline,True,119,480,4.033613,True,0.033243,0.050530,0.083773,
997,arm1_integer_baseline,True,110,480,4.363636,True,0.033437,0.046439,0.079876,
998,arm1_integer_baseline,False,,,,False,0.015207,0.000000,0.015208,Game ended after 49 plies with 224/480 bits embedded — message too long for this carrier game.
999,arm1_integer_baseline,True,111,480,4.324324,True,0.033241,0.047857,0.081098,
0,arm2_arithmetic_plain,True,101,480,4.752475,True,0.031055,0.045982,0.077038,
1,arm2_arithmetic_plain,True,101,480,4.752475,True,0.034922,0.052568,0.087489,
2,arm2_arithmetic_plain,True,99,480,4.848485,True,0.031263,0.043539,0.074802,
3,arm2_arithmetic_plain,True,102,480,4.705882,True,0.031351,0.044904,0.076255,
4,arm2_arithmetic_plain,True,101,480,4.752475,True,0.030296,0.045776,0.076072,
5,arm2_arithmetic_plain,True,101,480,4.752475,True,0.032690,0.050770,0.083460,
6,arm2_arithmetic_plain,True,101,480,4.752475,True,0.044425,0.058180,0.102605,
7,arm2_arithmetic_plain,True,106,480,4.528302,True,0.027548,0.045405,0.072953,
8,arm2_arithmetic_plain,True,101,480,4.752475,True,0.044633,0.059165,0.103798,
9,arm2_arithmetic_plain,True,95,480,5.052632,True,0.037805,0.055067,0.092871,
10,arm2_arithmetic_plain,True,103,480,4.660194,True,0.033837,0.051413,0.085250,
11,arm2_arithmetic_plain,True,101,480,4.752475,True,0.032619,0.047204,0.079824,
12,arm2_arithmetic_plain,True,103,480,4.660194,True,0.039376,0.062263,0.101639,
13,arm2_arithmetic_plain,True,101,480,4.752475,True,0.037017,0.057513,0.094531,
14,arm2_arithmetic_plain,True,99,480,4.848485,True,0.037145,0.050040,0.087186,
15,arm2_arithmetic_plain,True,98,480,4.897959,True,0.039605,0.058098,0.097703,
16,arm2_arithmetic_plain,True,99,480,4.848485,True,0.035142,0.055545,0.090687,
17,arm2_arithmetic_plain,True,102,480,4.705882,True,0.032847,0.052461,0.085308,
18,arm2_arithmetic_plain,True,105,480,4.571429,True,0.030996,0.051729,0.082725,
19,arm2_arithmetic_plain,True,98,480,4.897959,True,0.039103,0.049448,0.088551,
20,arm2_arithmetic_plain,True,103,480,4.660194,True,0.031601,0.046921,0.078522,
21,arm2_arithmetic_plain,True,97,480,4.948454,True,0.031384,0.046129,0.077513,
22,arm2_arithmetic_plain,True,105,480,4.571429,True,0.037908,0.054547,0.092455,
23,arm2_arithmetic_plain,True,99,480,4.848485,True,0.034109,0.050683,0.084792,
24,arm2_arithmetic_plain,True,104,480,4.615385,True,0.032610,0.046578,0.079187,
25,arm2_arithmetic_plain,True,103,480,4.660194,True,0.037753,0.062382,0.100135,
26,arm2_arithmetic_plain,True,102,480,4.705882,True,0.032827,0.048881,0.081708,
27,arm2_arithmetic_plain,False,,,,False,0.011370,0.000000,0.011371,Game ended after 45 plies with 203/480 bits embedded — message too long for this carrier game.
28,arm2_arithmetic_plain,True,102,480,4.705882,True,0.034939,0.050881,0.085820,
29,arm2_arithmetic_plain,True,96,480,5.000000,True,0.032572,0.047714,0.080286,
30,arm2_arithmetic_plain,True,100,480,4.800000,True,0.036367,0.051812,0.088179,
31,arm2_arithmetic_plain,True,106,480,4.528302,True,0.030536,0.047401,0.077938,
32,arm2_arithmetic_plain,True,101,480,4.752475,True,0.031638,0.046249,0.077887,
33,arm2_arithmetic_plain,True,106,480,4.528302,True,0.028835,0.044013,0.072847,
34,arm2_arithmetic_plain,True,103,480,4.660194,True,0.034035,0.053404,0.087439,
35,arm2_arithmetic_plain,True,96,480,5.000000,True,0.039658,0.047440,0.087098,
36,arm2_arithmetic_plain,True,97,480,4.948454,True,0.039540,0.052975,0.092515,
37,arm2_arithmetic_plain,True,98,480,4.897959,True,0.032357,0.047383,0.079740,
38,arm2_arithmetic_plain,True,100,480,4.800000,True,0.031448,0.044809,0.076257,
39,arm2_arithmetic_plain,True,101,480,4.752475,True,0.036597,0.048449,0.085046,
40,arm2_arithmetic_plain,True,100,480,4.800000,True,0.040178,0.058190,0.098368,
41,arm2_arithmetic_plain,True,105,480,4.571429,True,0.028671,0.052720,0.081391,
42,arm2_arithmetic_plain,True,101,480,4.752475,True,0.032054,0.046642,0.078696,
43,arm2_arithmetic_plain,True,101,480,4.752475,True,0.032715,0.044562,0.077278,
44,arm2_arithmetic_plain,True,98,480,4.897959,True,0.033932,0.048787,0.082718,
45,arm2_arithmetic_plain,True,100,480,4.800000,True,0.034797,0.050119,0.084916,
46,arm2_arithmetic_plain,True,103,480,4.660194,True,0.034592,0.055533,0.090125,
47,arm2_arithmetic_plain,True,102,480,4.705882,True,0.033035,0.047313,0.080347,
48,arm2_arithmetic_plain,True,99,480,4.848485,True,0.033751,0.048257,0.082008,
49,arm2_arithmetic_plain,True,106,480,4.528302,True,0.030395,0.051765,0.082160,
50,arm2_arithmetic_plain,True,103,480,4.660194,True,0.031537,0.049414,0.080950,
51,arm2_arithmetic_plain,True,101,480,4.752475,True,0.030787,0.044758,0.075545,
52,arm2_arithmetic_plain,True,104,480,4.615385,True,0.031603,0.047045,0.078647,
53,arm2_arithmetic_plain,True,106,480,4.528302,True,0.032302,0.047414,0.079716,
54,arm2_arithmetic_plain,True,100,480,4.800000,True,0.030172,0.043564,0.073736,
55,arm2_arithmetic_plain,True,102,480,4.705882,True,0.033992,0.047843,0.081835,
56,arm2_arithmetic_plain,True,106,480,4.528302,True,0.036665,0.050695,0.087360,
57,arm2_arithmetic_plain,True,107,480,4.485981,True,0.031576,0.052675,0.084251,
58,arm2_arithmetic_plain,True,102,480,4.705882,True,0.030334,0.045056,0.075390,
59,arm2_arithmetic_plain,True,106,480,4.528302,True,0.030798,0.046287,0.077085,
60,arm2_arithmetic_plain,True,102,480,4.705882,True,0.031290,0.046130,0.077420,
61,arm2_arithmetic_plain,True,103,480,4.660194,True,0.031617,0.046935,0.078552,
62,arm2_arithmetic_plain,True,103,480,4.660194,True,0.030752,0.047925,0.078678,
63,arm2_arithmetic_plain,True,104,480,4.615385,True,0.037521,0.056577,0.094098,
64,arm2_arithmetic_plain,True,102,480,4.705882,True,0.034757,0.051845,0.086602,
65,arm2_arithmetic_plain,True,104,480,4.615385,True,0.032532,0.048822,0.081354,
66,arm2_arithmetic_plain,False,,,,False,0.021926,0.000000,0.021927,Game ended after 63 plies with 297/480 bits embedded — message too long for this carrier game.
67,arm2_arithmetic_plain,True,100,480,4.800000,True,0.039035,0.056263,0.095297,
68,arm2_arithmetic_plain,True,103,480,4.660194,True,0.032097,0.047079,0.079176,
69,arm2_arithmetic_plain,True,99,480,4.848485,True,0.034976,0.048563,0.083539,
70,arm2_arithmetic_plain,True,103,480,4.660194,True,0.030126,0.046074,0.076200,
71,arm2_arithmetic_plain,True,106,480,4.528302,True,0.029405,0.046245,0.075649,
72,arm2_arithmetic_plain,True,97,480,4.948454,True,0.036258,0.048046,0.084303,
73,arm2_arithmetic_plain,True,107,480,4.485981,True,0.035022,0.048366,0.083388,
74,arm2_arithmetic_plain,True,104,480,4.615385,True,0.030196,0.051482,0.081678,
75,arm2_arithmetic_plain,True,104,480,4.615385,True,0.031274,0.046817,0.078090,
76,arm2_arithmetic_plain,True,102,480,4.705882,True,0.032347,0.045592,0.077939,
77,arm2_arithmetic_plain,True,102,480,4.705882,True,0.033214,0.048087,0.081301,
78,arm2_arithmetic_plain,True,98,480,4.897959,True,0.045608,0.044248,0.089856,
79,arm2_arithmetic_plain,True,100,480,4.800000,True,0.030761,0.044667,0.075428,
80,arm2_arithmetic_plain,True,99,480,4.848485,True,0.031653,0.047250,0.078903,
81,arm2_arithmetic_plain,True,98,480,4.897959,True,0.047033,0.063729,0.110762,
82,arm2_arithmetic_plain,True,96,480,5.000000,True,0.035745,0.051164,0.086909,
83,arm2_arithmetic_plain,True,100,480,4.800000,True,0.035882,0.053328,0.089210,
84,arm2_arithmetic_plain,True,97,480,4.948454,True,0.039273,0.054240,0.093513,
85,arm2_arithmetic_plain,True,106,480,4.528302,True,0.032782,0.047286,0.080068,
86,arm2_arithmetic_plain,True,101,480,4.752475,True,0.031131,0.045927,0.077058,
87,arm2_arithmetic_plain,True,105,480,4.571429,True,0.027804,0.045150,0.072953,
88,arm2_arithmetic_plain,True,99,480,4.848485,True,0.038596,0.054467,0.093063,
89,arm2_arithmetic_plain,True,108,480,4.444444,True,0.029987,0.045866,0.075853,
90,arm2_arithmetic_plain,True,100,480,4.800000,True,0.030549,0.045919,0.076468,
91,arm2_arithmetic_plain,True,105,480,4.571429,True,0.035319,0.052067,0.087386,
92,arm2_arithmetic_plain,True,97,480,4.948454,True,0.034676,0.044610,0.079286,
93,arm2_arithmetic_plain,True,97,480,4.948454,True,0.032924,0.045796,0.078720,
94,arm2_arithmetic_plain,True,95,480,5.052632,True,0.036366,0.050500,0.086866,
95,arm2_arithmetic_plain,True,102,480,4.705882,True,0.057542,0.061871,0.119412,
96,arm2_arithmetic_plain,True,102,480,4.705882,True,0.033545,0.048844,0.082389,
97,arm2_arithmetic_plain,True,96,480,5.000000,True,0.032048,0.048781,0.080829,
98,arm2_arithmetic_plain,True,99,480,4.848485,True,0.040256,0.049443,0.089700,
99,arm2_arithmetic_plain,True,103,480,4.660194,True,0.030648,0.045670,0.076317,
100,arm2_arithmetic_plain,True,98,480,4.897959,True,0.031967,0.045272,0.077239,
101,arm2_arithmetic_plain,True,97,480,4.948454,True,0.035123,0.044931,0.080054,
102,arm2_arithmetic_plain,True,103,480,4.660194,True,0.036487,0.062892,0.099380,
103,arm2_arithmetic_plain,True,103,480,4.660194,True,0.031066,0.045495,0.076561,
104,arm2_arithmetic_plain,True,102,480,4.705882,True,0.034621,0.049223,0.083843,
105,arm2_arithmetic_plain,True,101,480,4.752475,True,0.031445,0.046103,0.077548,
106,arm2_arithmetic_plain,True,107,480,4.485981,True,0.031569,0.048690,0.080260,
107,arm2_arithmetic_plain,True,100,480,4.800000,True,0.032568,0.045198,0.077766,
108,arm2_arithmetic_plain,True,98,480,4.897959,True,0.035014,0.047544,0.082558,
109,arm2_arithmetic_plain,True,103,480,4.660194,True,0.036607,0.049673,0.086280,
110,arm2_arithmetic_plain,True,98,480,4.897959,True,0.033507,0.046059,0.079566,
111,arm2_arithmetic_plain,True,101,480,4.752475,True,0.035640,0.050575,0.086216,
112,arm2_arithmetic_plain,True,102,480,4.705882,True,0.032131,0.047940,0.080071,
113,arm2_arithmetic_plain,True,97,480,4.948454,True,0.035774,0.048967,0.084741,
114,arm2_arithmetic_plain,False,,,,False,0.021707,0.000000,0.021708,Game ended after 72 plies with 343/480 bits embedded — message too long for this carrier game.
115,arm2_arithmetic_plain,True,100,480,4.800000,True,0.037472,0.052584,0.090055,
116,arm2_arithmetic_plain,True,109,480,4.403670,True,0.029928,0.045277,0.075205,
117,arm2_arithmetic_plain,False,,,,False,0.035068,0.000000,0.035069,Game ended after 96 plies with 468/480 bits embedded — message too long for this carrier game.
118,arm2_arithmetic_plain,True,102,480,4.705882,True,0.031729,0.051201,0.082930,
119,arm2_arithmetic_plain,True,103,480,4.660194,True,0.033283,0.044426,0.077709,
120,arm2_arithmetic_plain,False,,,,False,0.019719,0.000000,0.019720,Game ended after 70 plies with 323/480 bits embedded — message too long for this carrier game.
121,arm2_arithmetic_plain,True,99,480,4.848485,True,0.034639,0.048040,0.082679,
122,arm2_arithmetic_plain,True,100,480,4.800000,True,0.037703,0.054964,0.092667,
123,arm2_arithmetic_plain,True,101,480,4.752475,True,0.039619,0.054455,0.094074,
124,arm2_arithmetic_plain,True,106,480,4.528302,True,0.032234,0.048451,0.080686,
125,arm2_arithmetic_plain,True,103,480,4.660194,True,0.044458,0.062357,0.106815,
126,arm2_arithmetic_plain,True,98,480,4.897959,True,0.035192,0.058859,0.094051,
127,arm2_arithmetic_plain,True,100,480,4.800000,True,0.032758,0.046223,0.078981,
128,arm2_arithmetic_plain,True,105,480,4.571429,True,0.040033,0.056987,0.097020,
129,arm2_arithmetic_plain,True,101,480,4.752475,True,0.038013,0.057616,0.095629,
130,arm2_arithmetic_plain,True,109,480,4.403670,True,0.031997,0.049043,0.081040,
131,arm2_arithmetic_plain,True,99,480,4.848485,True,0.048342,0.053270,0.101611,
132,arm2_arithmetic_plain,True,106,480,4.528302,True,0.037468,0.053022,0.090490,
133,arm2_arithmetic_plain,True,99,480,4.848485,True,0.037049,0.051711,0.088760,
134,arm2_arithmetic_plain,True,102,480,4.705882,True,0.033407,0.048829,0.082236,
135,arm2_arithmetic_plain,True,101,480,4.752475,True,0.029026,0.053770,0.082796,
136,arm2_arithmetic_plain,True,106,480,4.528302,True,0.031516,0.046438,0.077954,
137,arm2_arithmetic_plain,True,101,480,4.752475,True,0.031175,0.045020,0.076196,
138,arm2_arithmetic_plain,True,101,480,4.752475,True,0.030974,0.045819,0.076792,
139,arm2_arithmetic_plain,True,98,480,4.897959,True,0.043080,0.054050,0.097130,
140,arm2_arithmetic_plain,True,100,480,4.800000,True,0.032093,0.049497,0.081590,
141,arm2_arithmetic_plain,True,99,480,4.848485,True,0.032056,0.046786,0.078842,
142,arm2_arithmetic_plain,True,99,480,4.848485,True,0.033789,0.048408,0.082196,
143,arm2_arithmetic_plain,True,97,480,4.948454,True,0.036140,0.048423,0.084563,
144,arm2_arithmetic_plain,True,103,480,4.660194,True,0.032072,0.046534,0.078606,
145,arm2_arithmetic_plain,True,100,480,4.800000,True,0.040684,0.053202,0.093885,
146,arm2_arithmetic_plain,True,101,480,4.752475,True,0.030879,0.044818,0.075696,
147,arm2_arithmetic_plain,True,104,480,4.615385,True,0.029075,0.044073,0.073147,
148,arm2_arithmetic_plain,True,102,480,4.705882,True,0.034858,0.046678,0.081536,
149,arm2_arithmetic_plain,True,103,480,4.660194,True,0.037072,0.048501,0.085573,
150,arm2_arithmetic_plain,True,105,480,4.571429,True,0.029367,0.044307,0.073674,
151,arm2_arithmetic_plain,True,100,480,4.800000,True,0.033840,0.046987,0.080827,
152,arm2_arithmetic_plain,True,103,480,4.660194,True,0.031483,0.046126,0.077610,
153,arm2_arithmetic_plain,True,102,480,4.705882,True,0.055290,0.075817,0.131107,
154,arm2_arithmetic_plain,True,108,480,4.444444,True,0.028342,0.045425,0.073768,
155,arm2_arithmetic_plain,True,98,480,4.897959,True,0.032246,0.047740,0.079986,
156,arm2_arithmetic_plain,True,100,480,4.800000,True,0.032765,0.045267,0.078033,
157,arm2_arithmetic_plain,True,102,480,4.705882,True,0.030124,0.045797,0.075921,
158,arm2_arithmetic_plain,True,100,480,4.800000,True,0.033701,0.056603,0.090303,
159,arm2_arithmetic_plain,True,100,480,4.800000,True,0.034926,0.050923,0.085848,
160,arm2_arithmetic_plain,True,100,480,4.800000,True,0.034396,0.049792,0.084188,
161,arm2_arithmetic_plain,True,105,480,4.571429,True,0.049954,0.055078,0.105032,
162,arm2_arithmetic_plain,True,104,480,4.615385,True,0.036317,0.045167,0.081484,
163,arm2_arithmetic_plain,True,100,480,4.800000,True,0.034485,0.044684,0.079169,
164,arm2_arithmetic_plain,True,100,480,4.800000,True,0.056066,0.065403,0.121469,
165,arm2_arithmetic_plain,True,106,480,4.528302,True,0.029779,0.047991,0.077770,
166,arm2_arithmetic_plain,True,99,480,4.848485,True,0.034570,0.049677,0.084247,
167,arm2_arithmetic_plain,True,100,480,4.800000,True,0.036498,0.055893,0.092391,
168,arm2_arithmetic_plain,True,98,480,4.897959,True,0.037539,0.050497,0.088036,
169,arm2_arithmetic_plain,True,99,480,4.848485,True,0.041303,0.060724,0.102026,
170,arm2_arithmetic_plain,True,105,480,4.571429,True,0.038882,0.053901,0.092783,
171,arm2_arithmetic_plain,True,99,480,4.848485,True,0.035327,0.049465,0.084791,
172,arm2_arithmetic_plain,True,100,480,4.800000,True,0.031486,0.044595,0.076081,
173,arm2_arithmetic_plain,True,106,480,4.528302,True,0.031577,0.046094,0.077671,
174,arm2_arithmetic_plain,True,103,480,4.660194,True,0.029187,0.046278,0.075465,
175,arm2_arithmetic_plain,True,102,480,4.705882,True,0.031985,0.045970,0.077955,
176,arm2_arithmetic_plain,True,102,480,4.705882,True,0.036143,0.046107,0.082249,
177,arm2_arithmetic_plain,True,101,480,4.752475,True,0.032158,0.044702,0.076861,
178,arm2_arithmetic_plain,True,102,480,4.705882,True,0.055742,0.057518,0.113259,
179,arm2_arithmetic_plain,True,100,480,4.800000,True,0.037083,0.050037,0.087120,
180,arm2_arithmetic_plain,True,101,480,4.752475,True,0.032346,0.049670,0.082016,
181,arm2_arithmetic_plain,True,98,480,4.897959,True,0.042469,0.058790,0.101258,
182,arm2_arithmetic_plain,True,96,480,5.000000,True,0.041596,0.054517,0.096113,
183,arm2_arithmetic_plain,True,102,480,4.705882,True,0.037139,0.052866,0.090005,
184,arm2_arithmetic_plain,True,104,480,4.615385,True,0.039012,0.054356,0.093368,
185,arm2_arithmetic_plain,True,100,480,4.800000,True,0.040794,0.052169,0.092963,
186,arm2_arithmetic_plain,False,,,,False,0.035657,0.000000,0.035658,Game ended after 99 plies with 464/480 bits embedded — message too long for this carrier game.
187,arm2_arithmetic_plain,True,103,480,4.660194,True,0.034062,0.048796,0.082858,
188,arm2_arithmetic_plain,True,99,480,4.848485,True,0.033741,0.048919,0.082660,
189,arm2_arithmetic_plain,True,113,480,4.247788,True,0.035242,0.051069,0.086311,
190,arm2_arithmetic_plain,True,104,480,4.615385,True,0.035813,0.047134,0.082947,
191,arm2_arithmetic_plain,True,98,480,4.897959,True,0.037352,0.054031,0.091384,
192,arm2_arithmetic_plain,True,107,480,4.485981,True,0.049101,0.047140,0.096240,
193,arm2_arithmetic_plain,True,100,480,4.800000,True,0.036909,0.052646,0.089555,
194,arm2_arithmetic_plain,True,100,480,4.800000,True,0.032870,0.044477,0.077347,
195,arm2_arithmetic_plain,True,106,480,4.528302,True,0.039000,0.054529,0.093530,
196,arm2_arithmetic_plain,True,98,480,4.897959,True,0.041318,0.050366,0.091684,
197,arm2_arithmetic_plain,True,102,480,4.705882,True,0.036937,0.051420,0.088357,
198,arm2_arithmetic_plain,True,104,480,4.615385,True,0.040612,0.055353,0.095965,
199,arm2_arithmetic_plain,True,100,480,4.800000,True,0.036599,0.047742,0.084342,
200,arm2_arithmetic_plain,True,100,480,4.800000,True,0.040297,0.057716,0.098013,
201,arm2_arithmetic_plain,True,105,480,4.571429,True,0.033038,0.049601,0.082639,
202,arm2_arithmetic_plain,True,103,480,4.660194,True,0.030607,0.048491,0.079099,
203,arm2_arithmetic_plain,True,98,480,4.897959,True,0.037374,0.050882,0.088256,
204,arm2_arithmetic_plain,True,97,480,4.948454,True,0.059364,0.061669,0.121032,
205,arm2_arithmetic_plain,True,106,480,4.528302,True,0.030421,0.045699,0.076119,
206,arm2_arithmetic_plain,True,105,480,4.571429,True,0.032323,0.048601,0.080924,
207,arm2_arithmetic_plain,True,99,480,4.848485,True,0.034966,0.049122,0.084088,
208,arm2_arithmetic_plain,True,100,480,4.800000,True,0.033466,0.057722,0.091188,
209,arm2_arithmetic_plain,True,98,480,4.897959,True,0.032807,0.055542,0.088350,
210,arm2_arithmetic_plain,True,99,480,4.848485,True,0.035163,0.064102,0.099265,
211,arm2_arithmetic_plain,True,101,480,4.752475,True,0.037001,0.050782,0.087783,
212,arm2_arithmetic_plain,True,102,480,4.705882,True,0.035678,0.049906,0.085584,
213,arm2_arithmetic_plain,True,101,480,4.752475,True,0.056320,0.072436,0.128756,
214,arm2_arithmetic_plain,True,97,480,4.948454,True,0.031802,0.047127,0.078929,
215,arm2_arithmetic_plain,True,99,480,4.848485,True,0.034620,0.051928,0.086547,
216,arm2_arithmetic_plain,True,102,480,4.705882,True,0.031965,0.045221,0.077186,
217,arm2_arithmetic_plain,True,101,480,4.752475,True,0.035334,0.045768,0.081102,
218,arm2_arithmetic_plain,False,,,,False,0.015817,0.000000,0.015818,Game ended after 56 plies with 263/480 bits embedded — message too long for this carrier game.
219,arm2_arithmetic_plain,True,101,480,4.752475,True,0.033597,0.054297,0.087894,
220,arm2_arithmetic_plain,True,101,480,4.752475,True,0.031132,0.046243,0.077375,
221,arm2_arithmetic_plain,True,104,480,4.615385,True,0.030604,0.043693,0.074297,
222,arm2_arithmetic_plain,True,99,480,4.848485,True,0.037519,0.062680,0.100200,
223,arm2_arithmetic_plain,True,98,480,4.897959,True,0.033684,0.046497,0.080181,
224,arm2_arithmetic_plain,True,103,480,4.660194,True,0.032114,0.047830,0.079944,
225,arm2_arithmetic_plain,True,99,480,4.848485,True,0.035686,0.048403,0.084089,
226,arm2_arithmetic_plain,True,104,480,4.615385,True,0.031039,0.047052,0.078091,
227,arm2_arithmetic_plain,True,108,480,4.444444,True,0.027360,0.043426,0.070786,
228,arm2_arithmetic_plain,True,103,480,4.660194,True,0.032888,0.051941,0.084830,
229,arm2_arithmetic_plain,True,101,480,4.752475,True,0.032786,0.045830,0.078615,
230,arm2_arithmetic_plain,True,101,480,4.752475,True,0.037411,0.050565,0.087977,
231,arm2_arithmetic_plain,True,104,480,4.615385,True,0.032226,0.044162,0.076388,
232,arm2_arithmetic_plain,True,101,480,4.752475,True,0.032534,0.046396,0.078930,
233,arm2_arithmetic_plain,True,102,480,4.705882,True,0.031761,0.047323,0.079084,
234,arm2_arithmetic_plain,True,108,480,4.444444,True,0.031455,0.045086,0.076541,
235,arm2_arithmetic_plain,True,100,480,4.800000,True,0.040911,0.045317,0.086229,
236,arm2_arithmetic_plain,True,106,480,4.528302,True,0.038147,0.061327,0.099473,
237,arm2_arithmetic_plain,True,99,480,4.848485,True,0.033143,0.047380,0.080523,
238,arm2_arithmetic_plain,True,103,480,4.660194,True,0.033594,0.051265,0.084859,
239,arm2_arithmetic_plain,True,102,480,4.705882,True,0.042169,0.067705,0.109875,
240,arm2_arithmetic_plain,True,102,480,4.705882,True,0.033965,0.048624,0.082589,
241,arm2_arithmetic_plain,True,100,480,4.800000,True,0.034718,0.043428,0.078146,
242,arm2_arithmetic_plain,True,101,480,4.752475,True,0.030631,0.054706,0.085338,
243,arm2_arithmetic_plain,True,104,480,4.615385,True,0.034184,0.048411,0.082595,
244,arm2_arithmetic_plain,True,100,480,4.800000,True,0.034794,0.047301,0.082095,
245,arm2_arithmetic_plain,True,99,480,4.848485,True,0.039425,0.051997,0.091422,
246,arm2_arithmetic_plain,True,99,480,4.848485,True,0.033629,0.048172,0.081800,
247,arm2_arithmetic_plain,True,101,480,4.752475,True,0.032433,0.052387,0.084820,
248,arm2_arithmetic_plain,True,101,480,4.752475,True,0.037500,0.047697,0.085198,
249,arm2_arithmetic_plain,True,106,480,4.528302,True,0.035589,0.053054,0.088643,
250,arm2_arithmetic_plain,True,101,480,4.752475,True,0.036838,0.052027,0.088865,
251,arm2_arithmetic_plain,True,99,480,4.848485,True,0.031456,0.046621,0.078077,
252,arm2_arithmetic_plain,True,99,480,4.848485,True,0.033018,0.048535,0.081553,
253,arm2_arithmetic_plain,True,99,480,4.848485,True,0.036871,0.052090,0.088961,
254,arm2_arithmetic_plain,True,101,480,4.752475,True,0.031956,0.046643,0.078599,
255,arm2_arithmetic_plain,True,100,480,4.800000,True,0.037492,0.044592,0.082083,
256,arm2_arithmetic_plain,True,102,480,4.705882,True,0.037255,0.051324,0.088579,
257,arm2_arithmetic_plain,True,98,480,4.897959,True,0.033230,0.046833,0.080063,
258,arm2_arithmetic_plain,False,,,,False,0.025885,0.000000,0.025886,Game ended after 80 plies with 377/480 bits embedded — message too long for this carrier game.
259,arm2_arithmetic_plain,True,100,480,4.800000,True,0.032591,0.046902,0.079493,
260,arm2_arithmetic_plain,True,98,480,4.897959,True,0.038245,0.054971,0.093216,
261,arm2_arithmetic_plain,True,104,480,4.615385,True,0.032035,0.047559,0.079594,
262,arm2_arithmetic_plain,True,105,480,4.571429,True,0.030913,0.046911,0.077824,
263,arm2_arithmetic_plain,True,101,480,4.752475,True,0.034875,0.056247,0.091122,
264,arm2_arithmetic_plain,True,108,480,4.444444,True,0.037232,0.052948,0.090180,
265,arm2_arithmetic_plain,False,,,,False,0.038546,0.000000,0.038546,Game ended after 94 plies with 462/480 bits embedded — message too long for this carrier game.
266,arm2_arithmetic_plain,True,107,480,4.485981,True,0.032642,0.048532,0.081175,
267,arm2_arithmetic_plain,True,100,480,4.800000,True,0.037283,0.052797,0.090081,
268,arm2_arithmetic_plain,True,108,480,4.444444,True,0.034501,0.047921,0.082422,
269,arm2_arithmetic_plain,True,103,480,4.660194,True,0.034448,0.048053,0.082501,
270,arm2_arithmetic_plain,True,97,480,4.948454,True,0.035279,0.046761,0.082039,
271,arm2_arithmetic_plain,True,104,480,4.615385,True,0.041066,0.054164,0.095230,
272,arm2_arithmetic_plain,False,,,,False,0.031020,0.000000,0.031021,Game ended after 85 plies with 429/480 bits embedded — message too long for this carrier game.
273,arm2_arithmetic_plain,True,105,480,4.571429,True,0.030342,0.047873,0.078215,
274,arm2_arithmetic_plain,True,99,480,4.848485,True,0.033692,0.047309,0.081001,
275,arm2_arithmetic_plain,True,100,480,4.800000,True,0.034833,0.047710,0.082543,
276,arm2_arithmetic_plain,True,99,480,4.848485,True,0.036302,0.046142,0.082444,
277,arm2_arithmetic_plain,True,100,480,4.800000,True,0.033943,0.047233,0.081176,
278,arm2_arithmetic_plain,True,103,480,4.660194,True,0.030863,0.042895,0.073758,
279,arm2_arithmetic_plain,True,104,480,4.615385,True,0.040528,0.059284,0.099812,
280,arm2_arithmetic_plain,True,98,480,4.897959,True,0.030963,0.045008,0.075971,
281,arm2_arithmetic_plain,True,104,480,4.615385,True,0.034312,0.051333,0.085646,
282,arm2_arithmetic_plain,True,105,480,4.571429,True,0.039070,0.056730,0.095801,
283,arm2_arithmetic_plain,True,102,480,4.705882,True,0.032719,0.045344,0.078063,
284,arm2_arithmetic_plain,True,99,480,4.848485,True,0.032819,0.045672,0.078491,
285,arm2_arithmetic_plain,True,100,480,4.800000,True,0.036421,0.051029,0.087450,
286,arm2_arithmetic_plain,True,100,480,4.800000,True,0.038639,0.062443,0.101082,
287,arm2_arithmetic_plain,True,105,480,4.571429,True,0.034742,0.053256,0.087998,
288,arm2_arithmetic_plain,True,99,480,4.848485,True,0.038812,0.051751,0.090564,
289,arm2_arithmetic_plain,True,107,480,4.485981,True,0.046300,0.059052,0.105352,
290,arm2_arithmetic_plain,True,99,480,4.848485,True,0.039538,0.054469,0.094007,
291,arm2_arithmetic_plain,True,103,480,4.660194,True,0.059197,0.077974,0.137171,
292,arm2_arithmetic_plain,True,99,480,4.848485,True,0.040133,0.058027,0.098160,
293,arm2_arithmetic_plain,True,97,480,4.948454,True,0.037513,0.048365,0.085879,
294,arm2_arithmetic_plain,True,96,480,5.000000,True,0.042394,0.050530,0.092924,
295,arm2_arithmetic_plain,True,104,480,4.615385,True,0.036185,0.058107,0.094292,
296,arm2_arithmetic_plain,True,98,480,4.897959,True,0.032799,0.047028,0.079827,
297,arm2_arithmetic_plain,False,,,,False,0.032403,0.000000,0.032404,Game ended after 105 plies with 472/480 bits embedded — message too long for this carrier game.
298,arm2_arithmetic_plain,True,102,480,4.705882,True,0.032268,0.047926,0.080195,
299,arm2_arithmetic_plain,True,101,480,4.752475,True,0.034828,0.044494,0.079321,
300,arm2_arithmetic_plain,True,101,480,4.752475,True,0.032021,0.046822,0.078843,
301,arm2_arithmetic_plain,True,101,480,4.752475,True,0.033797,0.048981,0.082778,
302,arm2_arithmetic_plain,True,100,480,4.800000,True,0.037040,0.057111,0.094151,
303,arm2_arithmetic_plain,True,109,480,4.403670,True,0.031383,0.047093,0.078476,
304,arm2_arithmetic_plain,True,96,480,5.000000,True,0.039989,0.050538,0.090527,
305,arm2_arithmetic_plain,True,99,480,4.848485,True,0.040368,0.053108,0.093476,
306,arm2_arithmetic_plain,True,96,480,5.000000,True,0.042683,0.058566,0.101249,
307,arm2_arithmetic_plain,True,101,480,4.752475,True,0.037449,0.051970,0.089418,
308,arm2_arithmetic_plain,True,98,480,4.897959,True,0.037785,0.047806,0.085591,
309,arm2_arithmetic_plain,True,100,480,4.800000,True,0.035943,0.050083,0.086026,
310,arm2_arithmetic_plain,True,103,480,4.660194,True,0.034574,0.051171,0.085744,
311,arm2_arithmetic_plain,True,100,480,4.800000,True,0.035621,0.047915,0.083536,
312,arm2_arithmetic_plain,True,105,480,4.571429,True,0.032578,0.046715,0.079293,
313,arm2_arithmetic_plain,True,102,480,4.705882,True,0.032331,0.045028,0.077359,
314,arm2_arithmetic_plain,True,103,480,4.660194,True,0.032413,0.047958,0.080370,
315,arm2_arithmetic_plain,True,99,480,4.848485,True,0.054746,0.045400,0.100146,
316,arm2_arithmetic_plain,True,105,480,4.571429,True,0.028553,0.041925,0.070478,
317,arm2_arithmetic_plain,True,98,480,4.897959,True,0.032275,0.043725,0.076000,
318,arm2_arithmetic_plain,True,110,480,4.363636,True,0.026904,0.048209,0.075113,
319,arm2_arithmetic_plain,True,108,480,4.444444,True,0.029536,0.043905,0.073440,
320,arm2_arithmetic_plain,True,102,480,4.705882,True,0.032543,0.046682,0.079225,
321,arm2_arithmetic_plain,True,101,480,4.752475,True,0.037561,0.042922,0.080483,
322,arm2_arithmetic_plain,True,101,480,4.752475,True,0.036711,0.052073,0.088783,
323,arm2_arithmetic_plain,True,102,480,4.705882,True,0.031932,0.045340,0.077272,
324,arm2_arithmetic_plain,True,99,480,4.848485,True,0.037256,0.047701,0.084957,
325,arm2_arithmetic_plain,True,102,480,4.705882,True,0.030592,0.044330,0.074921,
326,arm2_arithmetic_plain,True,98,480,4.897959,True,0.032798,0.050381,0.083179,
327,arm2_arithmetic_plain,True,98,480,4.897959,True,0.038186,0.047244,0.085431,
328,arm2_arithmetic_plain,True,101,480,4.752475,True,0.033700,0.048941,0.082641,
329,arm2_arithmetic_plain,True,101,480,4.752475,True,0.034207,0.046063,0.080271,
330,arm2_arithmetic_plain,True,102,480,4.705882,True,0.036181,0.049080,0.085262,
331,arm2_arithmetic_plain,True,99,480,4.848485,True,0.035231,0.047164,0.082395,
332,arm2_arithmetic_plain,True,102,480,4.705882,True,0.042510,0.074095,0.116605,
333,arm2_arithmetic_plain,True,106,480,4.528302,True,0.032644,0.044092,0.076735,
334,arm2_arithmetic_plain,True,101,480,4.752475,True,0.032576,0.046492,0.079068,
335,arm2_arithmetic_plain,True,103,480,4.660194,True,0.032451,0.048392,0.080843,
336,arm2_arithmetic_plain,True,105,480,4.571429,True,0.030907,0.044905,0.075812,
337,arm2_arithmetic_plain,True,101,480,4.752475,True,0.033545,0.047286,0.080831,
338,arm2_arithmetic_plain,True,102,480,4.705882,True,0.035041,0.045334,0.080375,
339,arm2_arithmetic_plain,True,97,480,4.948454,True,0.037109,0.051836,0.088945,
340,arm2_arithmetic_plain,True,99,480,4.848485,True,0.037599,0.057565,0.095165,
341,arm2_arithmetic_plain,True,96,480,5.000000,True,0.038663,0.051182,0.089845,
342,arm2_arithmetic_plain,True,100,480,4.800000,True,0.036579,0.050516,0.087095,
343,arm2_arithmetic_plain,False,,,,False,0.025951,0.000000,0.025952,Game ended after 97 plies with 434/480 bits embedded — message too long for this carrier game.
344,arm2_arithmetic_plain,True,104,480,4.615385,True,0.030967,0.045583,0.076550,
345,arm2_arithmetic_plain,True,99,480,4.848485,True,0.033129,0.044545,0.077674,
346,arm2_arithmetic_plain,True,98,480,4.897959,True,0.040518,0.059075,0.099593,
347,arm2_arithmetic_plain,False,,,,False,0.024918,0.000000,0.024919,Game ended after 74 plies with 346/480 bits embedded — message too long for this carrier game.
348,arm2_arithmetic_plain,True,102,480,4.705882,True,0.033609,0.047910,0.081518,
349,arm2_arithmetic_plain,True,96,480,5.000000,True,0.036727,0.049578,0.086305,
350,arm2_arithmetic_plain,True,98,480,4.897959,True,0.035767,0.048939,0.084706,
351,arm2_arithmetic_plain,True,104,480,4.615385,True,0.032367,0.045677,0.078044,
352,arm2_arithmetic_plain,True,101,480,4.752475,True,0.035192,0.054297,0.089489,
353,arm2_arithmetic_plain,True,100,480,4.800000,True,0.034330,0.050155,0.084485,
354,arm2_arithmetic_plain,True,106,480,4.528302,True,0.032181,0.046106,0.078287,
355,arm2_arithmetic_plain,True,101,480,4.752475,True,0.030161,0.046642,0.076803,
356,arm2_arithmetic_plain,True,105,480,4.571429,True,0.031777,0.078235,0.110012,
357,arm2_arithmetic_plain,True,99,480,4.848485,True,0.033896,0.046909,0.080805,
358,arm2_arithmetic_plain,True,105,480,4.571429,True,0.033630,0.048436,0.082066,
359,arm2_arithmetic_plain,True,100,480,4.800000,True,0.032401,0.045642,0.078043,
360,arm2_arithmetic_plain,True,103,480,4.660194,True,0.033129,0.047162,0.080291,
361,arm2_arithmetic_plain,True,109,480,4.403670,True,0.029137,0.044873,0.074010,
362,arm2_arithmetic_plain,True,102,480,4.705882,True,0.034249,0.046530,0.080779,
363,arm2_arithmetic_plain,True,102,480,4.705882,True,0.031709,0.047371,0.079080,
364,arm2_arithmetic_plain,True,100,480,4.800000,True,0.037132,0.047636,0.084769,
365,arm2_arithmetic_plain,True,101,480,4.752475,True,0.031030,0.046695,0.077725,
366,arm2_arithmetic_plain,True,100,480,4.800000,True,0.035798,0.048028,0.083826,
367,arm2_arithmetic_plain,True,99,480,4.848485,True,0.034953,0.047345,0.082298,
368,arm2_arithmetic_plain,True,101,480,4.752475,True,0.035483,0.052606,0.088089,
369,arm2_arithmetic_plain,True,101,480,4.752475,True,0.030813,0.044566,0.075379,
370,arm2_arithmetic_plain,True,100,480,4.800000,True,0.032106,0.045577,0.077683,
371,arm2_arithmetic_plain,True,107,480,4.485981,True,0.031313,0.047383,0.078696,
372,arm2_arithmetic_plain,True,104,480,4.615385,True,0.032016,0.047312,0.079328,
373,arm2_arithmetic_plain,True,101,480,4.752475,True,0.031615,0.044784,0.076399,
374,arm2_arithmetic_plain,True,100,480,4.800000,True,0.042099,0.055273,0.097372,
375,arm2_arithmetic_plain,True,101,480,4.752475,True,0.034752,0.047649,0.082402,
376,arm2_arithmetic_plain,True,104,480,4.615385,True,0.032335,0.047777,0.080112,
377,arm2_arithmetic_plain,True,107,480,4.485981,True,0.031533,0.046492,0.078025,
378,arm2_arithmetic_plain,True,100,480,4.800000,True,0.036990,0.052903,0.089893,
379,arm2_arithmetic_plain,True,100,480,4.800000,True,0.034440,0.046177,0.080617,
380,arm2_arithmetic_plain,True,102,480,4.705882,True,0.031175,0.045292,0.076467,
381,arm2_arithmetic_plain,True,100,480,4.800000,True,0.033391,0.046284,0.079675,
382,arm2_arithmetic_plain,True,99,480,4.848485,True,0.034484,0.045881,0.080365,
383,arm2_arithmetic_plain,True,98,480,4.897959,True,0.035125,0.048252,0.083377,
384,arm2_arithmetic_plain,True,97,480,4.948454,True,0.032206,0.046680,0.078886,
385,arm2_arithmetic_plain,True,100,480,4.800000,True,0.033218,0.048926,0.082143,
386,arm2_arithmetic_plain,True,100,480,4.800000,True,0.030978,0.048101,0.079078,
387,arm2_arithmetic_plain,True,102,480,4.705882,True,0.038730,0.064398,0.103129,
388,arm2_arithmetic_plain,True,100,480,4.800000,True,0.034618,0.048447,0.083064,
389,arm2_arithmetic_plain,True,99,480,4.848485,True,0.037103,0.049572,0.086675,
390,arm2_arithmetic_plain,True,96,480,5.000000,True,0.036046,0.046432,0.082479,
391,arm2_arithmetic_plain,True,104,480,4.615385,True,0.039625,0.054782,0.094407,
392,arm2_arithmetic_plain,True,102,480,4.705882,True,0.031745,0.045745,0.077490,
393,arm2_arithmetic_plain,True,101,480,4.752475,True,0.034911,0.048005,0.082916,
394,arm2_arithmetic_plain,True,105,480,4.571429,True,0.029087,0.045585,0.074673,
395,arm2_arithmetic_plain,True,103,480,4.660194,True,0.033623,0.047658,0.081281,
396,arm2_arithmetic_plain,True,100,480,4.800000,True,0.051774,0.057260,0.109034,
397,arm2_arithmetic_plain,True,98,480,4.897959,True,0.036152,0.049681,0.085833,
398,arm2_arithmetic_plain,True,98,480,4.897959,True,0.039180,0.054485,0.093666,
399,arm2_arithmetic_plain,True,99,480,4.848485,True,0.036470,0.057100,0.093571,
400,arm2_arithmetic_plain,True,102,480,4.705882,True,0.035774,0.049249,0.085023,
401,arm2_arithmetic_plain,True,97,480,4.948454,True,0.035563,0.047882,0.083444,
402,arm2_arithmetic_plain,False,,,,False,0.027556,0.000000,0.027557,Game ended after 81 plies with 381/480 bits embedded — message too long for this carrier game.
403,arm2_arithmetic_plain,True,99,480,4.848485,True,0.034990,0.047501,0.082491,
404,arm2_arithmetic_plain,True,104,480,4.615385,True,0.032961,0.046117,0.079078,
405,arm2_arithmetic_plain,True,100,480,4.800000,True,0.038313,0.053385,0.091698,
406,arm2_arithmetic_plain,True,100,480,4.800000,True,0.035242,0.047763,0.083005,
407,arm2_arithmetic_plain,True,100,480,4.800000,True,0.032456,0.044146,0.076602,
408,arm2_arithmetic_plain,True,100,480,4.800000,True,0.038847,0.052738,0.091586,
409,arm2_arithmetic_plain,True,102,480,4.705882,True,0.031240,0.045133,0.076373,
410,arm2_arithmetic_plain,True,100,480,4.800000,True,0.034448,0.047704,0.082152,
411,arm2_arithmetic_plain,True,98,480,4.897959,True,0.036841,0.047094,0.083936,
412,arm2_arithmetic_plain,True,102,480,4.705882,True,0.031224,0.046687,0.077912,
413,arm2_arithmetic_plain,True,101,480,4.752475,True,0.034645,0.051301,0.085946,
414,arm2_arithmetic_plain,True,100,480,4.800000,True,0.036521,0.048987,0.085508,
415,arm2_arithmetic_plain,True,106,480,4.528302,True,0.033057,0.046746,0.079804,
416,arm2_arithmetic_plain,True,107,480,4.485981,True,0.029077,0.043430,0.072508,
417,arm2_arithmetic_plain,True,103,480,4.660194,True,0.033042,0.050074,0.083116,
418,arm2_arithmetic_plain,True,105,480,4.571429,True,0.030300,0.044078,0.074378,
419,arm2_arithmetic_plain,True,102,480,4.705882,True,0.031237,0.045844,0.077081,
420,arm2_arithmetic_plain,True,104,480,4.615385,True,0.030869,0.043566,0.074435,
421,arm2_arithmetic_plain,True,100,480,4.800000,True,0.036408,0.050246,0.086654,
422,arm2_arithmetic_plain,True,101,480,4.752475,True,0.033764,0.047663,0.081427,
423,arm2_arithmetic_plain,True,102,480,4.705882,True,0.036715,0.057759,0.094474,
424,arm2_arithmetic_plain,True,99,480,4.848485,True,0.037774,0.053388,0.091162,
425,arm2_arithmetic_plain,True,99,480,4.848485,True,0.036997,0.050779,0.087776,
426,arm2_arithmetic_plain,True,105,480,4.571429,True,0.035013,0.053004,0.088017,
427,arm2_arithmetic_plain,True,98,480,4.897959,True,0.043788,0.054780,0.098568,
428,arm2_arithmetic_plain,True,101,480,4.752475,True,0.038893,0.054187,0.093080,
429,arm2_arithmetic_plain,True,95,480,5.052632,True,0.039346,0.051840,0.091186,
430,arm2_arithmetic_plain,True,101,480,4.752475,True,0.038695,0.081257,0.119952,
431,arm2_arithmetic_plain,True,99,480,4.848485,True,0.031191,0.046137,0.077328,
432,arm2_arithmetic_plain,True,103,480,4.660194,True,0.030190,0.056587,0.086777,
433,arm2_arithmetic_plain,True,101,480,4.752475,True,0.032753,0.049162,0.081915,
434,arm2_arithmetic_plain,True,102,480,4.705882,True,0.031345,0.045813,0.077158,
435,arm2_arithmetic_plain,True,98,480,4.897959,True,0.031665,0.045252,0.076916,
436,arm2_arithmetic_plain,True,100,480,4.800000,True,0.055892,0.058635,0.114527,
437,arm2_arithmetic_plain,True,102,480,4.705882,True,0.033095,0.042592,0.075687,
438,arm2_arithmetic_plain,True,105,480,4.571429,True,0.030084,0.043155,0.073238,
439,arm2_arithmetic_plain,True,101,480,4.752475,True,0.032100,0.048217,0.080317,
440,arm2_arithmetic_plain,True,100,480,4.800000,True,0.044014,0.060213,0.104227,
441,arm2_arithmetic_plain,True,102,480,4.705882,True,0.034070,0.049237,0.083307,
442,arm2_arithmetic_plain,True,106,480,4.528302,True,0.037265,0.051324,0.088589,
443,arm2_arithmetic_plain,True,103,480,4.660194,True,0.030213,0.044800,0.075013,
444,arm2_arithmetic_plain,True,102,480,4.705882,True,0.039410,0.057485,0.096894,
445,arm2_arithmetic_plain,True,104,480,4.615385,True,0.035338,0.050411,0.085749,
446,arm2_arithmetic_plain,True,101,480,4.752475,True,0.039269,0.055868,0.095137,
447,arm2_arithmetic_plain,True,97,480,4.948454,True,0.033190,0.048958,0.082148,
448,arm2_arithmetic_plain,True,102,480,4.705882,True,0.030463,0.043361,0.073823,
449,arm2_arithmetic_plain,True,102,480,4.705882,True,0.033798,0.049802,0.083600,
450,arm2_arithmetic_plain,True,99,480,4.848485,True,0.040030,0.067004,0.107034,
451,arm2_arithmetic_plain,True,105,480,4.571429,True,0.034251,0.053170,0.087421,
452,arm2_arithmetic_plain,True,100,480,4.800000,True,0.043167,0.055020,0.098186,
453,arm2_arithmetic_plain,True,100,480,4.800000,True,0.035935,0.049031,0.084967,
454,arm2_arithmetic_plain,True,101,480,4.752475,True,0.041575,0.057130,0.098705,
455,arm2_arithmetic_plain,True,95,480,5.052632,True,0.039288,0.044186,0.083474,
456,arm2_arithmetic_plain,True,100,480,4.800000,True,0.035023,0.049683,0.084706,
457,arm2_arithmetic_plain,True,102,480,4.705882,True,0.030593,0.045916,0.076510,
458,arm2_arithmetic_plain,True,106,480,4.528302,True,0.032402,0.046461,0.078864,
459,arm2_arithmetic_plain,True,104,480,4.615385,True,0.039466,0.075722,0.115188,
460,arm2_arithmetic_plain,True,102,480,4.705882,True,0.062106,0.069598,0.131704,
461,arm2_arithmetic_plain,True,101,480,4.752475,True,0.030574,0.044238,0.074812,
462,arm2_arithmetic_plain,True,102,480,4.705882,True,0.038010,0.049777,0.087787,
463,arm2_arithmetic_plain,True,97,480,4.948454,True,0.032231,0.044244,0.076475,
464,arm2_arithmetic_plain,True,101,480,4.752475,True,0.033595,0.048476,0.082070,
465,arm2_arithmetic_plain,True,104,480,4.615385,True,0.032006,0.046768,0.078774,
466,arm2_arithmetic_plain,True,101,480,4.752475,True,0.032778,0.050980,0.083758,
467,arm2_arithmetic_plain,True,100,480,4.800000,True,0.040481,0.066586,0.107067,
468,arm2_arithmetic_plain,True,99,480,4.848485,True,0.034055,0.046722,0.080778,
469,arm2_arithmetic_plain,True,104,480,4.615385,True,0.029989,0.049538,0.079527,
470,arm2_arithmetic_plain,True,103,480,4.660194,True,0.033365,0.047112,0.080477,
471,arm2_arithmetic_plain,True,101,480,4.752475,True,0.035273,0.046172,0.081445,
472,arm2_arithmetic_plain,True,101,480,4.752475,True,0.038197,0.053525,0.091722,
473,arm2_arithmetic_plain,True,102,480,4.705882,True,0.032656,0.046154,0.078810,
474,arm2_arithmetic_plain,True,99,480,4.848485,True,0.036739,0.050880,0.087619,
475,arm2_arithmetic_plain,True,98,480,4.897959,True,0.035144,0.046157,0.081301,
476,arm2_arithmetic_plain,True,98,480,4.897959,True,0.035192,0.047556,0.082748,
477,arm2_arithmetic_plain,True,109,480,4.403670,True,0.032199,0.049861,0.082060,
478,arm2_arithmetic_plain,False,,,,False,0.023890,0.000000,0.023891,Game ended after 72 plies with 323/480 bits embedded — message too long for this carrier game.
479,arm2_arithmetic_plain,True,102,480,4.705882,True,0.031807,0.046235,0.078043,
480,arm2_arithmetic_plain,True,104,480,4.615385,True,0.033534,0.047251,0.080785,
481,arm2_arithmetic_plain,True,99,480,4.848485,True,0.035558,0.050145,0.085703,
482,arm2_arithmetic_plain,True,103,480,4.660194,True,0.033777,0.048816,0.082593,
483,arm2_arithmetic_plain,True,100,480,4.800000,True,0.042042,0.059798,0.101840,
484,arm2_arithmetic_plain,True,97,480,4.948454,True,0.036866,0.050062,0.086927,
485,arm2_arithmetic_plain,True,102,480,4.705882,True,0.033408,0.047974,0.081381,
486,arm2_arithmetic_plain,True,102,480,4.705882,True,0.045912,0.058420,0.104333,
487,arm2_arithmetic_plain,True,99,480,4.848485,True,0.038905,0.050638,0.089543,
488,arm2_arithmetic_plain,True,96,480,5.000000,True,0.039412,0.052808,0.092220,
489,arm2_arithmetic_plain,True,102,480,4.705882,True,0.035963,0.049591,0.085554,
490,arm2_arithmetic_plain,True,103,480,4.660194,True,0.030558,0.043349,0.073908,
491,arm2_arithmetic_plain,True,100,480,4.800000,True,0.033617,0.046970,0.080587,
492,arm2_arithmetic_plain,True,103,480,4.660194,True,0.030064,0.044200,0.074264,
493,arm2_arithmetic_plain,True,105,480,4.571429,True,0.036746,0.054388,0.091134,
494,arm2_arithmetic_plain,True,98,480,4.897959,True,0.042572,0.055880,0.098452,
495,arm2_arithmetic_plain,True,107,480,4.485981,True,0.031515,0.048896,0.080411,
496,arm2_arithmetic_plain,True,100,480,4.800000,True,0.034213,0.049870,0.084083,
497,arm2_arithmetic_plain,True,98,480,4.897959,True,0.035489,0.050661,0.086151,
498,arm2_arithmetic_plain,True,98,480,4.897959,True,0.043092,0.056437,0.099529,
499,arm2_arithmetic_plain,True,99,480,4.848485,True,0.035174,0.050542,0.085716,
500,arm2_arithmetic_plain,True,100,480,4.800000,True,0.035357,0.049882,0.085239,
501,arm2_arithmetic_plain,True,100,480,4.800000,True,0.034965,0.056058,0.091023,
502,arm2_arithmetic_plain,True,103,480,4.660194,True,0.036090,0.048628,0.084717,
503,arm2_arithmetic_plain,True,100,480,4.800000,True,0.035346,0.049364,0.084710,
504,arm2_arithmetic_plain,True,99,480,4.848485,True,0.038462,0.053131,0.091593,
505,arm2_arithmetic_plain,True,97,480,4.948454,True,0.040393,0.049970,0.090363,
506,arm2_arithmetic_plain,True,104,480,4.615385,True,0.034177,0.049433,0.083611,
507,arm2_arithmetic_plain,True,100,480,4.800000,True,0.046026,0.060255,0.106281,
508,arm2_arithmetic_plain,True,98,480,4.897959,True,0.045076,0.047478,0.092554,
509,arm2_arithmetic_plain,True,101,480,4.752475,True,0.033894,0.046904,0.080798,
510,arm2_arithmetic_plain,True,99,480,4.848485,True,0.053287,0.055981,0.109268,
511,arm2_arithmetic_plain,True,103,480,4.660194,True,0.029781,0.043405,0.073186,
512,arm2_arithmetic_plain,True,108,480,4.444444,True,0.028327,0.051862,0.080190,
513,arm2_arithmetic_plain,True,100,480,4.800000,True,0.037914,0.051085,0.088999,
514,arm2_arithmetic_plain,True,103,480,4.660194,True,0.029992,0.046306,0.076299,
515,arm2_arithmetic_plain,True,99,480,4.848485,True,0.036259,0.050890,0.087149,
516,arm2_arithmetic_plain,True,97,480,4.948454,True,0.034477,0.047100,0.081577,
517,arm2_arithmetic_plain,True,105,480,4.571429,True,0.029318,0.046290,0.075607,
518,arm2_arithmetic_plain,True,102,480,4.705882,True,0.031477,0.048707,0.080184,
519,arm2_arithmetic_plain,False,,,,False,0.030310,0.000000,0.030311,Game ended after 73 plies with 359/480 bits embedded — message too long for this carrier game.
520,arm2_arithmetic_plain,False,,,,False,0.018351,0.000000,0.018352,Game ended after 55 plies with 261/480 bits embedded — message too long for this carrier game.
521,arm2_arithmetic_plain,True,101,480,4.752475,True,0.037972,0.051261,0.089232,
522,arm2_arithmetic_plain,True,98,480,4.897959,True,0.037665,0.049888,0.087553,
523,arm2_arithmetic_plain,True,97,480,4.948454,True,0.037758,0.050852,0.088610,
524,arm2_arithmetic_plain,True,105,480,4.571429,True,0.034817,0.048446,0.083263,
525,arm2_arithmetic_plain,True,99,480,4.848485,True,0.045550,0.061285,0.106835,
526,arm2_arithmetic_plain,True,98,480,4.897959,True,0.040788,0.051498,0.092286,
527,arm2_arithmetic_plain,True,105,480,4.571429,True,0.033325,0.049547,0.082872,
528,arm2_arithmetic_plain,True,100,480,4.800000,True,0.036963,0.051493,0.088456,
529,arm2_arithmetic_plain,True,101,480,4.752475,True,0.039238,0.063708,0.102946,
530,arm2_arithmetic_plain,True,105,480,4.571429,True,0.037911,0.058232,0.096142,
531,arm2_arithmetic_plain,True,98,480,4.897959,True,0.035191,0.056089,0.091280,
532,arm2_arithmetic_plain,True,104,480,4.615385,True,0.034027,0.050519,0.084546,
533,arm2_arithmetic_plain,True,98,480,4.897959,True,0.040970,0.055459,0.096429,
534,arm2_arithmetic_plain,True,98,480,4.897959,True,0.041329,0.057454,0.098783,
535,arm2_arithmetic_plain,True,103,480,4.660194,True,0.043524,0.063050,0.106574,
536,arm2_arithmetic_plain,True,102,480,4.705882,True,0.042991,0.060887,0.103878,
537,arm2_arithmetic_plain,True,106,480,4.528302,True,0.033965,0.052897,0.086862,
538,arm2_arithmetic_plain,True,105,480,4.571429,True,0.034009,0.047985,0.081994,
539,arm2_arithmetic_plain,True,106,480,4.528302,True,0.032949,0.052532,0.085481,
540,arm2_arithmetic_plain,True,102,480,4.705882,True,0.037180,0.051296,0.088476,
541,arm2_arithmetic_plain,True,106,480,4.528302,True,0.031330,0.044587,0.075917,
542,arm2_arithmetic_plain,True,98,480,4.897959,True,0.035284,0.048035,0.083319,
543,arm2_arithmetic_plain,True,104,480,4.615385,True,0.033908,0.048829,0.082737,
544,arm2_arithmetic_plain,True,98,480,4.897959,True,0.047865,0.070675,0.118540,
545,arm2_arithmetic_plain,True,98,480,4.897959,True,0.045128,0.050935,0.096063,
546,arm2_arithmetic_plain,True,95,480,5.052632,True,0.038150,0.055462,0.093612,
547,arm2_arithmetic_plain,True,101,480,4.752475,True,0.037730,0.060527,0.098257,
548,arm2_arithmetic_plain,True,102,480,4.705882,True,0.036427,0.053679,0.090106,
549,arm2_arithmetic_plain,True,99,480,4.848485,True,0.038162,0.051853,0.090015,
550,arm2_arithmetic_plain,True,99,480,4.848485,True,0.043747,0.070130,0.113876,
551,arm2_arithmetic_plain,True,105,480,4.571429,True,0.033638,0.049867,0.083506,
552,arm2_arithmetic_plain,True,102,480,4.705882,True,0.034086,0.048827,0.082913,
553,arm2_arithmetic_plain,True,99,480,4.848485,True,0.034371,0.052832,0.087203,
554,arm2_arithmetic_plain,True,107,480,4.485981,True,0.034064,0.050796,0.084860,
555,arm2_arithmetic_plain,True,98,480,4.897959,True,0.035568,0.049688,0.085256,
556,arm2_arithmetic_plain,True,98,480,4.897959,True,0.036375,0.048782,0.085158,
557,arm2_arithmetic_plain,True,103,480,4.660194,True,0.036234,0.059082,0.095316,
558,arm2_arithmetic_plain,True,100,480,4.800000,True,0.033108,0.051331,0.084439,
559,arm2_arithmetic_plain,True,97,480,4.948454,True,0.044239,0.057120,0.101360,
560,arm2_arithmetic_plain,True,103,480,4.660194,True,0.035211,0.051239,0.086450,
561,arm2_arithmetic_plain,True,101,480,4.752475,True,0.037121,0.050501,0.087622,
562,arm2_arithmetic_plain,True,97,480,4.948454,True,0.037380,0.049304,0.086684,
563,arm2_arithmetic_plain,True,100,480,4.800000,True,0.031583,0.046035,0.077619,
564,arm2_arithmetic_plain,True,103,480,4.660194,True,0.031220,0.045976,0.077196,
565,arm2_arithmetic_plain,True,99,480,4.848485,True,0.034351,0.048434,0.082785,
566,arm2_arithmetic_plain,True,104,480,4.615385,True,0.036652,0.053963,0.090614,
567,arm2_arithmetic_plain,True,98,480,4.897959,True,0.042112,0.054101,0.096214,
568,arm2_arithmetic_plain,True,104,480,4.615385,True,0.036739,0.053662,0.090401,
569,arm2_arithmetic_plain,False,,,,False,0.031466,0.000000,0.031467,Game ended after 92 plies with 430/480 bits embedded — message too long for this carrier game.
570,arm2_arithmetic_plain,True,103,480,4.660194,True,0.034694,0.047968,0.082662,
571,arm2_arithmetic_plain,True,103,480,4.660194,True,0.031271,0.045009,0.076280,
572,arm2_arithmetic_plain,True,102,480,4.705882,True,0.031936,0.046743,0.078679,
573,arm2_arithmetic_plain,True,101,480,4.752475,True,0.036702,0.051931,0.088633,
574,arm2_arithmetic_plain,True,99,480,4.848485,True,0.044975,0.064741,0.109716,
575,arm2_arithmetic_plain,True,101,480,4.752475,True,0.035228,0.047474,0.082703,
576,arm2_arithmetic_plain,True,98,480,4.897959,True,0.037061,0.051006,0.088068,
577,arm2_arithmetic_plain,True,98,480,4.897959,True,0.034886,0.048879,0.083765,
578,arm2_arithmetic_plain,True,98,480,4.897959,True,0.036235,0.049082,0.085317,
579,arm2_arithmetic_plain,True,100,480,4.800000,True,0.032638,0.060168,0.092806,
580,arm2_arithmetic_plain,True,102,480,4.705882,True,0.038477,0.051977,0.090454,
581,arm2_arithmetic_plain,True,101,480,4.752475,True,0.029656,0.042891,0.072547,
582,arm2_arithmetic_plain,True,101,480,4.752475,True,0.034279,0.048406,0.082685,
583,arm2_arithmetic_plain,True,104,480,4.615385,True,0.030378,0.051610,0.081988,
584,arm2_arithmetic_plain,True,103,480,4.660194,True,0.031145,0.045339,0.076484,
585,arm2_arithmetic_plain,True,100,480,4.800000,True,0.035350,0.050879,0.086229,
586,arm2_arithmetic_plain,True,102,480,4.705882,True,0.037558,0.041126,0.078684,
587,arm2_arithmetic_plain,True,97,480,4.948454,True,0.032157,0.044891,0.077048,
588,arm2_arithmetic_plain,True,101,480,4.752475,True,0.031820,0.045108,0.076928,
589,arm2_arithmetic_plain,True,97,480,4.948454,True,0.035357,0.047843,0.083200,
590,arm2_arithmetic_plain,True,98,480,4.897959,True,0.033888,0.046577,0.080466,
591,arm2_arithmetic_plain,True,100,480,4.800000,True,0.033530,0.044533,0.078063,
592,arm2_arithmetic_plain,True,103,480,4.660194,True,0.034214,0.054384,0.088598,
593,arm2_arithmetic_plain,True,102,480,4.705882,True,0.035525,0.045187,0.080712,
594,arm2_arithmetic_plain,True,100,480,4.800000,True,0.031650,0.047079,0.078728,
595,arm2_arithmetic_plain,True,102,480,4.705882,True,0.033096,0.049253,0.082348,
596,arm2_arithmetic_plain,True,98,480,4.897959,True,0.031055,0.046125,0.077180,
597,arm2_arithmetic_plain,True,100,480,4.800000,True,0.032028,0.045240,0.077268,
598,arm2_arithmetic_plain,True,102,480,4.705882,True,0.033796,0.042565,0.076361,
599,arm2_arithmetic_plain,False,,,,False,0.009045,0.000000,0.009045,Game ended after 34 plies with 153/480 bits embedded — message too long for this carrier game.
600,arm2_arithmetic_plain,True,100,480,4.800000,True,0.033620,0.047329,0.080949,
601,arm2_arithmetic_plain,True,101,480,4.752475,True,0.033035,0.047725,0.080760,
602,arm2_arithmetic_plain,True,99,480,4.848485,True,0.035370,0.045215,0.080585,
603,arm2_arithmetic_plain,False,,,,False,0.011632,0.000000,0.011633,Game ended after 32 plies with 151/480 bits embedded — message too long for this carrier game.
604,arm2_arithmetic_plain,True,96,480,5.000000,True,0.035594,0.045706,0.081299,
605,arm2_arithmetic_plain,True,97,480,4.948454,True,0.031258,0.043979,0.075237,
606,arm2_arithmetic_plain,True,107,480,4.485981,True,0.030246,0.045526,0.075772,
607,arm2_arithmetic_plain,True,103,480,4.660194,True,0.032918,0.048530,0.081448,
608,arm2_arithmetic_plain,True,98,480,4.897959,True,0.033162,0.046847,0.080009,
609,arm2_arithmetic_plain,True,99,480,4.848485,True,0.036594,0.081129,0.117723,
610,arm2_arithmetic_plain,True,101,480,4.752475,True,0.033667,0.045215,0.078882,
611,arm2_arithmetic_plain,True,100,480,4.800000,True,0.032666,0.045578,0.078244,
612,arm2_arithmetic_plain,True,102,480,4.705882,True,0.032892,0.046478,0.079371,
613,arm2_arithmetic_plain,False,,,,False,0.007787,0.000000,0.007787,Game ended after 27 plies with 125/480 bits embedded — message too long for this carrier game.
614,arm2_arithmetic_plain,True,102,480,4.705882,True,0.034504,0.058857,0.093361,
615,arm2_arithmetic_plain,True,99,480,4.848485,True,0.032660,0.047925,0.080585,
616,arm2_arithmetic_plain,True,107,480,4.485981,True,0.032589,0.048065,0.080654,
617,arm2_arithmetic_plain,False,,,,False,0.028720,0.000000,0.028722,Game ended after 80 plies with 392/480 bits embedded — message too long for this carrier game.
618,arm2_arithmetic_plain,True,98,480,4.897959,True,0.033055,0.045247,0.078302,
619,arm2_arithmetic_plain,True,101,480,4.752475,True,0.030762,0.045589,0.076351,
620,arm2_arithmetic_plain,True,99,480,4.848485,True,0.037834,0.053777,0.091612,
621,arm2_arithmetic_plain,True,104,480,4.615385,True,0.030760,0.053868,0.084628,
622,arm2_arithmetic_plain,True,99,480,4.848485,True,0.030027,0.042508,0.072535,
623,arm2_arithmetic_plain,True,105,480,4.571429,True,0.029548,0.044524,0.074072,
624,arm2_arithmetic_plain,True,98,480,4.897959,True,0.033550,0.047661,0.081211,
625,arm2_arithmetic_plain,True,103,480,4.660194,True,0.029818,0.043937,0.073755,
626,arm2_arithmetic_plain,True,102,480,4.705882,True,0.035215,0.048705,0.083921,
627,arm2_arithmetic_plain,True,96,480,5.000000,True,0.035824,0.046023,0.081847,
628,arm2_arithmetic_plain,True,98,480,4.897959,True,0.034892,0.049932,0.084824,
629,arm2_arithmetic_plain,True,100,480,4.800000,True,0.036562,0.050573,0.087135,
630,arm2_arithmetic_plain,True,104,480,4.615385,True,0.033831,0.045106,0.078937,
631,arm2_arithmetic_plain,True,99,480,4.848485,True,0.036000,0.051094,0.087095,
632,arm2_arithmetic_plain,True,99,480,4.848485,True,0.031244,0.044001,0.075245,
633,arm2_arithmetic_plain,True,104,480,4.615385,True,0.030951,0.044105,0.075055,
634,arm2_arithmetic_plain,True,105,480,4.571429,True,0.031938,0.045413,0.077351,
635,arm2_arithmetic_plain,True,99,480,4.848485,True,0.033525,0.046676,0.080202,
636,arm2_arithmetic_plain,True,100,480,4.800000,True,0.032873,0.045762,0.078634,
637,arm2_arithmetic_plain,True,98,480,4.897959,True,0.036308,0.047120,0.083428,
638,arm2_arithmetic_plain,True,99,480,4.848485,True,0.034813,0.052476,0.087289,
639,arm2_arithmetic_plain,True,103,480,4.660194,True,0.033546,0.048860,0.082406,
640,arm2_arithmetic_plain,True,96,480,5.000000,True,0.033288,0.045474,0.078762,
641,arm2_arithmetic_plain,True,97,480,4.948454,True,0.032418,0.043660,0.076078,
642,arm2_arithmetic_plain,True,107,480,4.485981,True,0.037924,0.047214,0.085138,
643,arm2_arithmetic_plain,True,97,480,4.948454,True,0.032648,0.046269,0.078917,
644,arm2_arithmetic_plain,True,102,480,4.705882,True,0.035621,0.051906,0.087527,
645,arm2_arithmetic_plain,True,97,480,4.948454,True,0.041091,0.050214,0.091305,
646,arm2_arithmetic_plain,True,97,480,4.948454,True,0.036019,0.048609,0.084628,
647,arm2_arithmetic_plain,True,100,480,4.800000,True,0.031797,0.041710,0.073507,
648,arm2_arithmetic_plain,True,95,480,5.052632,True,0.035303,0.047764,0.083067,
649,arm2_arithmetic_plain,True,100,480,4.800000,True,0.035114,0.045695,0.080808,
650,arm2_arithmetic_plain,True,98,480,4.897959,True,0.038621,0.053974,0.092595,
651,arm2_arithmetic_plain,True,103,480,4.660194,True,0.035891,0.049799,0.085690,
652,arm2_arithmetic_plain,True,103,480,4.660194,True,0.032802,0.050129,0.082931,
653,arm2_arithmetic_plain,True,102,480,4.705882,True,0.033770,0.048474,0.082245,
654,arm2_arithmetic_plain,True,100,480,4.800000,True,0.036098,0.048854,0.084952,
655,arm2_arithmetic_plain,True,102,480,4.705882,True,0.036272,0.049785,0.086057,
656,arm2_arithmetic_plain,True,105,480,4.571429,True,0.035281,0.052965,0.088246,
657,arm2_arithmetic_plain,True,100,480,4.800000,True,0.034394,0.046539,0.080933,
658,arm2_arithmetic_plain,True,98,480,4.897959,True,0.033113,0.045236,0.078349,
659,arm2_arithmetic_plain,True,101,480,4.752475,True,0.033011,0.045339,0.078350,
660,arm2_arithmetic_plain,True,98,480,4.897959,True,0.031698,0.044226,0.075924,
661,arm2_arithmetic_plain,True,104,480,4.615385,True,0.030627,0.044133,0.074760,
662,arm2_arithmetic_plain,True,101,480,4.752475,True,0.031860,0.047932,0.079792,
663,arm2_arithmetic_plain,True,101,480,4.752475,True,0.033325,0.049135,0.082460,
664,arm2_arithmetic_plain,True,103,480,4.660194,True,0.031985,0.043911,0.075895,
665,arm2_arithmetic_plain,True,100,480,4.800000,True,0.031928,0.046486,0.078414,
666,arm2_arithmetic_plain,True,100,480,4.800000,True,0.032070,0.058585,0.090655,
667,arm2_arithmetic_plain,True,99,480,4.848485,True,0.030614,0.044660,0.075275,
668,arm2_arithmetic_plain,True,97,480,4.948454,True,0.034693,0.048923,0.083615,
669,arm2_arithmetic_plain,True,103,480,4.660194,True,0.035077,0.057087,0.092164,
670,arm2_arithmetic_plain,True,102,480,4.705882,True,0.045668,0.074321,0.119990,
671,arm2_arithmetic_plain,True,100,480,4.800000,True,0.037070,0.050002,0.087072,
672,arm2_arithmetic_plain,True,99,480,4.848485,True,0.033889,0.044736,0.078625,
673,arm2_arithmetic_plain,True,101,480,4.752475,True,0.046097,0.045745,0.091842,
674,arm2_arithmetic_plain,True,101,480,4.752475,True,0.033604,0.046146,0.079750,
675,arm2_arithmetic_plain,True,98,480,4.897959,True,0.031918,0.044279,0.076197,
676,arm2_arithmetic_plain,True,96,480,5.000000,True,0.039417,0.050002,0.089419,
677,arm2_arithmetic_plain,True,101,480,4.752475,True,0.031275,0.046312,0.077587,
678,arm2_arithmetic_plain,True,98,480,4.897959,True,0.038260,0.050759,0.089020,
679,arm2_arithmetic_plain,True,97,480,4.948454,True,0.044310,0.048205,0.092516,
680,arm2_arithmetic_plain,False,,,,False,0.034611,0.000000,0.034612,Game ended after 97 plies with 471/480 bits embedded — message too long for this carrier game.
681,arm2_arithmetic_plain,True,100,480,4.800000,True,0.033037,0.043594,0.076632,
682,arm2_arithmetic_plain,True,101,480,4.752475,True,0.032753,0.046211,0.078963,
683,arm2_arithmetic_plain,True,97,480,4.948454,True,0.034886,0.048039,0.082924,
684,arm2_arithmetic_plain,True,102,480,4.705882,True,0.032678,0.078514,0.111193,
685,arm2_arithmetic_plain,True,105,480,4.571429,True,0.035181,0.049948,0.085129,
686,arm2_arithmetic_plain,True,100,480,4.800000,True,0.032879,0.046562,0.079442,
687,arm2_arithmetic_plain,True,102,480,4.705882,True,0.028808,0.042718,0.071526,
688,arm2_arithmetic_plain,True,102,480,4.705882,True,0.029379,0.047738,0.077117,
689,arm2_arithmetic_plain,True,104,480,4.615385,True,0.028744,0.046154,0.074898,
690,arm2_arithmetic_plain,True,97,480,4.948454,True,0.034583,0.049768,0.084351,
691,arm2_arithmetic_plain,True,102,480,4.705882,True,0.042618,0.054718,0.097336,
692,arm2_arithmetic_plain,True,96,480,5.000000,True,0.034741,0.046126,0.080867,
693,arm2_arithmetic_plain,True,101,480,4.752475,True,0.031891,0.046007,0.077898,
694,arm2_arithmetic_plain,True,99,480,4.848485,True,0.034243,0.045900,0.080142,
695,arm2_arithmetic_plain,True,101,480,4.752475,True,0.031836,0.043469,0.075305,
696,arm2_arithmetic_plain,True,100,480,4.800000,True,0.032443,0.046253,0.078697,
697,arm2_arithmetic_plain,True,106,480,4.528302,True,0.032044,0.046083,0.078127,
698,arm2_arithmetic_plain,True,101,480,4.752475,True,0.032422,0.046432,0.078854,
699,arm2_arithmetic_plain,True,103,480,4.660194,True,0.038759,0.055806,0.094565,
700,arm2_arithmetic_plain,True,101,480,4.752475,True,0.032886,0.046416,0.079302,
701,arm2_arithmetic_plain,True,99,480,4.848485,True,0.034920,0.047466,0.082386,
702,arm2_arithmetic_plain,False,,,,False,0.006559,0.000000,0.006559,Game ended after 26 plies with 120/480 bits embedded — message too long for this carrier game.
703,arm2_arithmetic_plain,True,99,480,4.848485,True,0.031676,0.043476,0.075152,
704,arm2_arithmetic_plain,True,100,480,4.800000,True,0.031424,0.047617,0.079041,
705,arm2_arithmetic_plain,True,102,480,4.705882,True,0.032269,0.046348,0.078617,
706,arm2_arithmetic_plain,True,101,480,4.752475,True,0.035674,0.050546,0.086220,
707,arm2_arithmetic_plain,True,102,480,4.705882,True,0.039123,0.052464,0.091587,
708,arm2_arithmetic_plain,True,105,480,4.571429,True,0.031415,0.043390,0.074805,
709,arm2_arithmetic_plain,True,100,480,4.800000,True,0.036974,0.051924,0.088898,
710,arm2_arithmetic_plain,True,104,480,4.615385,True,0.033598,0.048841,0.082439,
711,arm2_arithmetic_plain,True,105,480,4.571429,True,0.031345,0.046111,0.077456,
712,arm2_arithmetic_plain,True,104,480,4.615385,True,0.040764,0.066465,0.107229,
713,arm2_arithmetic_plain,True,101,480,4.752475,True,0.030501,0.042809,0.073309,
714,arm2_arithmetic_plain,True,101,480,4.752475,True,0.029745,0.043287,0.073031,
715,arm2_arithmetic_plain,True,101,480,4.752475,True,0.031458,0.045073,0.076531,
716,arm2_arithmetic_plain,True,104,480,4.615385,True,0.031339,0.044955,0.076294,
717,arm2_arithmetic_plain,True,102,480,4.705882,True,0.029812,0.043589,0.073401,
718,arm2_arithmetic_plain,True,96,480,5.000000,True,0.036792,0.049848,0.086640,
719,arm2_arithmetic_plain,True,100,480,4.800000,True,0.037151,0.048258,0.085409,
720,arm2_arithmetic_plain,True,101,480,4.752475,True,0.033339,0.046247,0.079586,
721,arm2_arithmetic_plain,True,99,480,4.848485,True,0.035622,0.048955,0.084577,
722,arm2_arithmetic_plain,True,104,480,4.615385,True,0.028937,0.043546,0.072483,
723,arm2_arithmetic_plain,True,101,480,4.752475,True,0.032247,0.049032,0.081279,
724,arm2_arithmetic_plain,True,102,480,4.705882,True,0.033627,0.046784,0.080412,
725,arm2_arithmetic_plain,True,98,480,4.897959,True,0.051426,0.064237,0.115663,
726,arm2_arithmetic_plain,True,103,480,4.660194,True,0.030083,0.057114,0.087197,
727,arm2_arithmetic_plain,True,98,480,4.897959,True,0.038946,0.053469,0.092415,
728,arm2_arithmetic_plain,True,99,480,4.848485,True,0.036639,0.048233,0.084872,
729,arm2_arithmetic_plain,True,97,480,4.948454,True,0.043062,0.063051,0.106113,
730,arm2_arithmetic_plain,True,101,480,4.752475,True,0.037813,0.061567,0.099379,
731,arm2_arithmetic_plain,True,97,480,4.948454,True,0.035059,0.048165,0.083224,
732,arm2_arithmetic_plain,True,105,480,4.571429,True,0.033485,0.049371,0.082856,
733,arm2_arithmetic_plain,True,103,480,4.660194,True,0.028381,0.042557,0.070939,
734,arm2_arithmetic_plain,True,101,480,4.752475,True,0.035835,0.050580,0.086415,
735,arm2_arithmetic_plain,True,106,480,4.528302,True,0.032627,0.049485,0.082112,
736,arm2_arithmetic_plain,True,102,480,4.705882,True,0.035357,0.052192,0.087550,
737,arm2_arithmetic_plain,True,104,480,4.615385,True,0.031931,0.047558,0.079489,
738,arm2_arithmetic_plain,True,97,480,4.948454,True,0.046445,0.057765,0.104211,
739,arm2_arithmetic_plain,True,101,480,4.752475,True,0.037225,0.051523,0.088748,
740,arm2_arithmetic_plain,True,95,480,5.052632,True,0.033799,0.047454,0.081253,
741,arm2_arithmetic_plain,True,102,480,4.705882,True,0.036089,0.050119,0.086208,
742,arm2_arithmetic_plain,True,107,480,4.485981,True,0.032083,0.049455,0.081538,
743,arm2_arithmetic_plain,True,100,480,4.800000,True,0.039155,0.054842,0.093997,
744,arm2_arithmetic_plain,True,105,480,4.571429,True,0.035840,0.053395,0.089235,
745,arm2_arithmetic_plain,True,97,480,4.948454,True,0.034993,0.049611,0.084605,
746,arm2_arithmetic_plain,True,101,480,4.752475,True,0.048534,0.063036,0.111571,
747,arm2_arithmetic_plain,True,104,480,4.615385,True,0.033353,0.048817,0.082170,
748,arm2_arithmetic_plain,True,101,480,4.752475,True,0.035248,0.051266,0.086514,
749,arm2_arithmetic_plain,True,102,480,4.705882,True,0.036248,0.051283,0.087531,
750,arm2_arithmetic_plain,True,104,480,4.615385,True,0.035044,0.052067,0.087111,
751,arm2_arithmetic_plain,True,103,480,4.660194,True,0.034582,0.047765,0.082346,
752,arm2_arithmetic_plain,False,,,,False,0.019770,0.000000,0.019771,Game ended after 60 plies with 278/480 bits embedded — message too long for this carrier game.
753,arm2_arithmetic_plain,True,101,480,4.752475,True,0.039130,0.051840,0.090970,
754,arm2_arithmetic_plain,True,99,480,4.848485,True,0.035187,0.048113,0.083300,
755,arm2_arithmetic_plain,True,103,480,4.660194,True,0.030665,0.046958,0.077623,
756,arm2_arithmetic_plain,True,104,480,4.615385,True,0.030396,0.043043,0.073439,
757,arm2_arithmetic_plain,True,98,480,4.897959,True,0.035561,0.047138,0.082699,
758,arm2_arithmetic_plain,True,106,480,4.528302,True,0.031751,0.048535,0.080286,
759,arm2_arithmetic_plain,True,101,480,4.752475,True,0.034659,0.044638,0.079297,
760,arm2_arithmetic_plain,True,100,480,4.800000,True,0.037109,0.048990,0.086098,
761,arm2_arithmetic_plain,True,101,480,4.752475,True,0.031113,0.045111,0.076224,
762,arm2_arithmetic_plain,True,100,480,4.800000,True,0.031110,0.043795,0.074905,
763,arm2_arithmetic_plain,True,101,480,4.752475,True,0.034446,0.051528,0.085974,
764,arm2_arithmetic_plain,True,101,480,4.752475,True,0.036902,0.044561,0.081462,
765,arm2_arithmetic_plain,True,100,480,4.800000,True,0.040380,0.055973,0.096354,
766,arm2_arithmetic_plain,True,98,480,4.897959,True,0.039714,0.051361,0.091075,
767,arm2_arithmetic_plain,True,104,480,4.615385,True,0.033383,0.053346,0.086729,
768,arm2_arithmetic_plain,True,100,480,4.800000,True,0.033569,0.046627,0.080196,
769,arm2_arithmetic_plain,True,101,480,4.752475,True,0.031908,0.044065,0.075973,
770,arm2_arithmetic_plain,True,99,480,4.848485,True,0.034647,0.044637,0.079284,
771,arm2_arithmetic_plain,True,114,480,4.210526,True,0.028786,0.047731,0.076518,
772,arm2_arithmetic_plain,True,107,480,4.485981,True,0.030247,0.045144,0.075391,
773,arm2_arithmetic_plain,True,98,480,4.897959,True,0.034782,0.045652,0.080434,
774,arm2_arithmetic_plain,True,98,480,4.897959,True,0.032108,0.043840,0.075949,
775,arm2_arithmetic_plain,True,95,480,5.052632,True,0.036016,0.049853,0.085869,
776,arm2_arithmetic_plain,True,101,480,4.752475,True,0.039953,0.049278,0.089230,
777,arm2_arithmetic_plain,True,105,480,4.571429,True,0.035291,0.051605,0.086896,
778,arm2_arithmetic_plain,True,101,480,4.752475,True,0.039059,0.043409,0.082468,
779,arm2_arithmetic_plain,True,101,480,4.752475,True,0.032170,0.046140,0.078310,
780,arm2_arithmetic_plain,True,102,480,4.705882,True,0.033438,0.044699,0.078137,
781,arm2_arithmetic_plain,True,100,480,4.800000,True,0.032419,0.047844,0.080263,
782,arm2_arithmetic_plain,True,99,480,4.848485,True,0.056399,0.055220,0.111619,
783,arm2_arithmetic_plain,True,102,480,4.705882,True,0.029012,0.044153,0.073165,
784,arm2_arithmetic_plain,True,102,480,4.705882,True,0.033477,0.045646,0.079123,
785,arm2_arithmetic_plain,True,101,480,4.752475,True,0.032431,0.048534,0.080965,
786,arm2_arithmetic_plain,True,103,480,4.660194,True,0.037367,0.058722,0.096089,
787,arm2_arithmetic_plain,True,102,480,4.705882,True,0.028675,0.044232,0.072907,
788,arm2_arithmetic_plain,True,109,480,4.403670,True,0.029768,0.045932,0.075701,
789,arm2_arithmetic_plain,True,99,480,4.848485,True,0.036172,0.046153,0.082325,
790,arm2_arithmetic_plain,True,98,480,4.897959,True,0.037230,0.050208,0.087437,
791,arm2_arithmetic_plain,True,102,480,4.705882,True,0.035752,0.052196,0.087949,
792,arm2_arithmetic_plain,True,103,480,4.660194,True,0.041898,0.080495,0.122394,
793,arm2_arithmetic_plain,True,104,480,4.615385,True,0.035405,0.051296,0.086701,
794,arm2_arithmetic_plain,True,98,480,4.897959,True,0.032590,0.044020,0.076610,
795,arm2_arithmetic_plain,True,100,480,4.800000,True,0.034128,0.047334,0.081463,
796,arm2_arithmetic_plain,True,104,480,4.615385,True,0.037367,0.054519,0.091886,
797,arm2_arithmetic_plain,True,107,480,4.485981,True,0.031237,0.047975,0.079212,
798,arm2_arithmetic_plain,True,102,480,4.705882,True,0.040704,0.053960,0.094664,
799,arm2_arithmetic_plain,True,100,480,4.800000,True,0.040516,0.056072,0.096588,
800,arm2_arithmetic_plain,True,105,480,4.571429,True,0.037999,0.052058,0.090056,
801,arm2_arithmetic_plain,True,102,480,4.705882,True,0.045565,0.071384,0.116948,
802,arm2_arithmetic_plain,True,97,480,4.948454,True,0.042348,0.053958,0.096306,
803,arm2_arithmetic_plain,False,,,,False,0.029966,0.000000,0.029967,Game ended after 76 plies with 356/480 bits embedded — message too long for this carrier game.
804,arm2_arithmetic_plain,True,97,480,4.948454,True,0.037078,0.050703,0.087781,
805,arm2_arithmetic_plain,True,108,480,4.444444,True,0.036774,0.051794,0.088568,
806,arm2_arithmetic_plain,True,102,480,4.705882,True,0.041389,0.088374,0.129762,
807,arm2_arithmetic_plain,True,96,480,5.000000,True,0.035924,0.047408,0.083331,
808,arm2_arithmetic_plain,True,97,480,4.948454,True,0.036993,0.045537,0.082530,
809,arm2_arithmetic_plain,True,99,480,4.848485,True,0.033568,0.047861,0.081429,
810,arm2_arithmetic_plain,True,103,480,4.660194,True,0.034242,0.050070,0.084312,
811,arm2_arithmetic_plain,True,101,480,4.752475,True,0.029545,0.045197,0.074742,
812,arm2_arithmetic_plain,True,99,480,4.848485,True,0.036695,0.050009,0.086704,
813,arm2_arithmetic_plain,True,100,480,4.800000,True,0.033303,0.045355,0.078658,
814,arm2_arithmetic_plain,True,97,480,4.948454,True,0.036631,0.061923,0.098554,
815,arm2_arithmetic_plain,True,102,480,4.705882,True,0.031916,0.046712,0.078628,
816,arm2_arithmetic_plain,True,107,480,4.485981,True,0.030695,0.063088,0.093783,
817,arm2_arithmetic_plain,True,100,480,4.800000,True,0.035546,0.049638,0.085183,
818,arm2_arithmetic_plain,True,98,480,4.897959,True,0.038673,0.048442,0.087115,
819,arm2_arithmetic_plain,True,98,480,4.897959,True,0.038133,0.047254,0.085386,
820,arm2_arithmetic_plain,False,,,,False,0.023613,0.000000,0.023614,Game ended after 61 plies with 295/480 bits embedded — message too long for this carrier game.
821,arm2_arithmetic_plain,True,102,480,4.705882,True,0.030015,0.042629,0.072644,
822,arm2_arithmetic_plain,True,99,480,4.848485,True,0.032331,0.045361,0.077692,
823,arm2_arithmetic_plain,True,99,480,4.848485,True,0.034452,0.048052,0.082504,
824,arm2_arithmetic_plain,True,102,480,4.705882,True,0.030882,0.045258,0.076141,
825,arm2_arithmetic_plain,True,102,480,4.705882,True,0.032278,0.043035,0.075313,
826,arm2_arithmetic_plain,True,98,480,4.897959,True,0.027887,0.044801,0.072688,
827,arm2_arithmetic_plain,True,100,480,4.800000,True,0.030479,0.044116,0.074595,
828,arm2_arithmetic_plain,True,99,480,4.848485,True,0.031708,0.044812,0.076519,
829,arm2_arithmetic_plain,True,104,480,4.615385,True,0.029358,0.043093,0.072451,
830,arm2_arithmetic_plain,True,97,480,4.948454,True,0.044247,0.057874,0.102121,
831,arm2_arithmetic_plain,True,102,480,4.705882,True,0.031209,0.045453,0.076662,
832,arm2_arithmetic_plain,True,102,480,4.705882,True,0.030500,0.043144,0.073645,
833,arm2_arithmetic_plain,True,101,480,4.752475,True,0.032381,0.047632,0.080013,
834,arm2_arithmetic_plain,True,101,480,4.752475,True,0.029259,0.041658,0.070917,
835,arm2_arithmetic_plain,True,101,480,4.752475,True,0.030396,0.041989,0.072386,
836,arm2_arithmetic_plain,True,103,480,4.660194,True,0.029948,0.043209,0.073157,
837,arm2_arithmetic_plain,True,100,480,4.800000,True,0.031412,0.046006,0.077419,
838,arm2_arithmetic_plain,True,101,480,4.752475,True,0.030147,0.041069,0.071216,
839,arm2_arithmetic_plain,True,105,480,4.571429,True,0.031976,0.048032,0.080008,
840,arm2_arithmetic_plain,True,101,480,4.752475,True,0.034962,0.048119,0.083081,
841,arm2_arithmetic_plain,True,102,480,4.705882,True,0.029498,0.045395,0.074893,
842,arm2_arithmetic_plain,True,98,480,4.897959,True,0.030120,0.041898,0.072017,
843,arm2_arithmetic_plain,True,98,480,4.897959,True,0.031198,0.041634,0.072832,
844,arm2_arithmetic_plain,True,102,480,4.705882,True,0.034899,0.052778,0.087677,
845,arm2_arithmetic_plain,True,102,480,4.705882,True,0.032345,0.046877,0.079222,
846,arm2_arithmetic_plain,True,105,480,4.571429,True,0.032511,0.046286,0.078797,
847,arm2_arithmetic_plain,True,98,480,4.897959,True,0.031070,0.042027,0.073097,
848,arm2_arithmetic_plain,True,101,480,4.752475,True,0.033558,0.044485,0.078042,
849,arm2_arithmetic_plain,True,105,480,4.571429,True,0.031970,0.053080,0.085050,
850,arm2_arithmetic_plain,True,100,480,4.800000,True,0.032609,0.042364,0.074974,
851,arm2_arithmetic_plain,True,102,480,4.705882,True,0.029427,0.042405,0.071831,
852,arm2_arithmetic_plain,True,104,480,4.615385,True,0.028640,0.041029,0.069670,
853,arm2_arithmetic_plain,True,98,480,4.897959,True,0.035136,0.052473,0.087609,
854,arm2_arithmetic_plain,False,,,,False,0.022574,0.000000,0.022575,Game ended after 68 plies with 317/480 bits embedded — message too long for this carrier game.
855,arm2_arithmetic_plain,True,97,480,4.948454,True,0.033291,0.043251,0.076542,
856,arm2_arithmetic_plain,True,102,480,4.705882,True,0.029508,0.044153,0.073662,
857,arm2_arithmetic_plain,True,100,480,4.800000,True,0.029803,0.042065,0.071869,
858,arm2_arithmetic_plain,True,100,480,4.800000,True,0.031763,0.044784,0.076547,
859,arm2_arithmetic_plain,True,101,480,4.752475,True,0.031581,0.041969,0.073550,
860,arm2_arithmetic_plain,True,101,480,4.752475,True,0.032083,0.044497,0.076580,
861,arm2_arithmetic_plain,True,104,480,4.615385,True,0.029844,0.044052,0.073896,
862,arm2_arithmetic_plain,True,97,480,4.948454,True,0.032202,0.047066,0.079268,
863,arm2_arithmetic_plain,True,101,480,4.752475,True,0.029455,0.042173,0.071628,
864,arm2_arithmetic_plain,True,100,480,4.800000,True,0.029700,0.043190,0.072890,
865,arm2_arithmetic_plain,True,98,480,4.897959,True,0.035904,0.049774,0.085678,
866,arm2_arithmetic_plain,True,100,480,4.800000,True,0.035174,0.044431,0.079606,
867,arm2_arithmetic_plain,True,97,480,4.948454,True,0.037734,0.047635,0.085368,
868,arm2_arithmetic_plain,True,99,480,4.848485,True,0.033367,0.043827,0.077194,
869,arm2_arithmetic_plain,True,98,480,4.897959,True,0.033511,0.043884,0.077395,
870,arm2_arithmetic_plain,False,,,,False,0.028896,0.000000,0.028896,Game ended after 92 plies with 436/480 bits embedded — message too long for this carrier game.
871,arm2_arithmetic_plain,True,100,480,4.800000,True,0.033783,0.047501,0.081284,
872,arm2_arithmetic_plain,True,98,480,4.897959,True,0.033394,0.046962,0.080356,
873,arm2_arithmetic_plain,True,109,480,4.403670,True,0.025918,0.042847,0.068766,
874,arm2_arithmetic_plain,True,98,480,4.897959,True,0.031209,0.043603,0.074812,
875,arm2_arithmetic_plain,True,98,480,4.897959,True,0.030832,0.043577,0.074410,
876,arm2_arithmetic_plain,True,105,480,4.571429,True,0.029613,0.043098,0.072711,
877,arm2_arithmetic_plain,True,101,480,4.752475,True,0.030344,0.040040,0.070384,
878,arm2_arithmetic_plain,True,102,480,4.705882,True,0.051950,0.057254,0.109204,
879,arm2_arithmetic_plain,True,105,480,4.571429,True,0.031478,0.048020,0.079498,
880,arm2_arithmetic_plain,True,102,480,4.705882,True,0.028476,0.042985,0.071461,
881,arm2_arithmetic_plain,True,104,480,4.615385,True,0.030235,0.044281,0.074515,
882,arm2_arithmetic_plain,True,99,480,4.848485,True,0.031681,0.044554,0.076234,
883,arm2_arithmetic_plain,True,102,480,4.705882,True,0.028557,0.040899,0.069456,
884,arm2_arithmetic_plain,True,102,480,4.705882,True,0.029287,0.042504,0.071791,
885,arm2_arithmetic_plain,True,100,480,4.800000,True,0.031264,0.042445,0.073709,
886,arm2_arithmetic_plain,True,102,480,4.705882,True,0.043832,0.056052,0.099885,
887,arm2_arithmetic_plain,True,99,480,4.848485,True,0.032496,0.043466,0.075963,
888,arm2_arithmetic_plain,True,104,480,4.615385,True,0.028988,0.041825,0.070813,
889,arm2_arithmetic_plain,True,102,480,4.705882,True,0.032150,0.044300,0.076450,
890,arm2_arithmetic_plain,True,99,480,4.848485,True,0.031890,0.045150,0.077040,
891,arm2_arithmetic_plain,True,99,480,4.848485,True,0.031238,0.040964,0.072203,
892,arm2_arithmetic_plain,True,107,480,4.485981,True,0.031849,0.051243,0.083092,
893,arm2_arithmetic_plain,True,97,480,4.948454,True,0.032847,0.044131,0.076978,
894,arm2_arithmetic_plain,True,100,480,4.800000,True,0.031122,0.043118,0.074240,
895,arm2_arithmetic_plain,True,101,480,4.752475,True,0.033246,0.046442,0.079688,
896,arm2_arithmetic_plain,True,104,480,4.615385,True,0.029572,0.043959,0.073531,
897,arm2_arithmetic_plain,True,105,480,4.571429,True,0.028451,0.042300,0.070751,
898,arm2_arithmetic_plain,True,96,480,5.000000,True,0.032394,0.043552,0.075946,
899,arm2_arithmetic_plain,True,101,480,4.752475,True,0.034133,0.046954,0.081087,
900,arm2_arithmetic_plain,True,103,480,4.660194,True,0.031288,0.044446,0.075734,
901,arm2_arithmetic_plain,True,101,480,4.752475,True,0.032250,0.044416,0.076666,
902,arm2_arithmetic_plain,True,105,480,4.571429,True,0.031052,0.045242,0.076294,
903,arm2_arithmetic_plain,True,101,480,4.752475,True,0.033035,0.045397,0.078432,
904,arm2_arithmetic_plain,True,101,480,4.752475,True,0.030303,0.043429,0.073732,
905,arm2_arithmetic_plain,True,97,480,4.948454,True,0.035366,0.046160,0.081525,
906,arm2_arithmetic_plain,True,99,480,4.848485,True,0.029877,0.041995,0.071872,
907,arm2_arithmetic_plain,True,97,480,4.948454,True,0.030300,0.040187,0.070487,
908,arm2_arithmetic_plain,True,101,480,4.752475,True,0.030345,0.042337,0.072682,
909,arm2_arithmetic_plain,True,102,480,4.705882,True,0.028576,0.039700,0.068276,
910,arm2_arithmetic_plain,True,99,480,4.848485,True,0.031388,0.043937,0.075324,
911,arm2_arithmetic_plain,True,98,480,4.897959,True,0.033578,0.042512,0.076090,
912,arm2_arithmetic_plain,True,101,480,4.752475,True,0.031855,0.042926,0.074781,
913,arm2_arithmetic_plain,True,99,480,4.848485,True,0.031043,0.042213,0.073256,
914,arm2_arithmetic_plain,True,100,480,4.800000,True,0.030057,0.042631,0.072689,
915,arm2_arithmetic_plain,False,,,,False,0.017504,0.000000,0.017504,Game ended after 71 plies with 321/480 bits embedded — message too long for this carrier game.
916,arm2_arithmetic_plain,True,108,480,4.444444,True,0.028327,0.044173,0.072500,
917,arm2_arithmetic_plain,True,100,480,4.800000,True,0.030141,0.042117,0.072259,
918,arm2_arithmetic_plain,True,102,480,4.705882,True,0.030312,0.044209,0.074521,
919,arm2_arithmetic_plain,True,106,480,4.528302,True,0.030880,0.044259,0.075139,
920,arm2_arithmetic_plain,True,104,480,4.615385,True,0.032307,0.046149,0.078456,
921,arm2_arithmetic_plain,True,100,480,4.800000,True,0.030004,0.040447,0.070451,
922,arm2_arithmetic_plain,True,103,480,4.660194,True,0.028412,0.040416,0.068827,
923,arm2_arithmetic_plain,True,97,480,4.948454,True,0.031799,0.042113,0.073912,
924,arm2_arithmetic_plain,True,99,480,4.848485,True,0.033180,0.041705,0.074885,
925,arm2_arithmetic_plain,True,99,480,4.848485,True,0.029909,0.041417,0.071327,
926,arm2_arithmetic_plain,True,102,480,4.705882,True,0.032471,0.040250,0.072722,
927,arm2_arithmetic_plain,True,96,480,5.000000,True,0.032032,0.042128,0.074160,
928,arm2_arithmetic_plain,True,101,480,4.752475,True,0.030872,0.043957,0.074830,
929,arm2_arithmetic_plain,True,102,480,4.705882,True,0.029953,0.044245,0.074198,
930,arm2_arithmetic_plain,False,,,,False,0.019474,0.000000,0.019474,Game ended after 76 plies with 323/480 bits embedded — message too long for this carrier game.
931,arm2_arithmetic_plain,True,98,480,4.897959,True,0.033235,0.047127,0.080362,
932,arm2_arithmetic_plain,False,,,,False,0.010598,0.000000,0.010599,Game ended after 38 plies with 176/480 bits embedded — message too long for this carrier game.
933,arm2_arithmetic_plain,True,106,480,4.528302,True,0.031676,0.045651,0.077328,
934,arm2_arithmetic_plain,True,99,480,4.848485,True,0.034217,0.044024,0.078241,
935,arm2_arithmetic_plain,True,98,480,4.897959,True,0.031853,0.043348,0.075200,
936,arm2_arithmetic_plain,True,100,480,4.800000,True,0.034743,0.048271,0.083015,
937,arm2_arithmetic_plain,False,,,,False,0.020597,0.000000,0.020597,Game ended after 69 plies with 315/480 bits embedded — message too long for this carrier game.
938,arm2_arithmetic_plain,True,102,480,4.705882,True,0.029924,0.041338,0.071262,
939,arm2_arithmetic_plain,False,,,,False,0.027249,0.000000,0.027249,Game ended after 92 plies with 440/480 bits embedded — message too long for this carrier game.
940,arm2_arithmetic_plain,True,99,480,4.848485,True,0.033045,0.043288,0.076333,
941,arm2_arithmetic_plain,True,103,480,4.660194,True,0.031230,0.043002,0.074232,
942,arm2_arithmetic_plain,True,104,480,4.615385,True,0.030240,0.045518,0.075759,
943,arm2_arithmetic_plain,True,106,480,4.528302,True,0.031303,0.044305,0.075608,
944,arm2_arithmetic_plain,True,101,480,4.752475,True,0.038297,0.043857,0.082154,
945,arm2_arithmetic_plain,True,104,480,4.615385,True,0.030585,0.045091,0.075676,
946,arm2_arithmetic_plain,True,97,480,4.948454,True,0.031722,0.042133,0.073856,
947,arm2_arithmetic_plain,True,107,480,4.485981,True,0.025710,0.039860,0.065570,
948,arm2_arithmetic_plain,True,100,480,4.800000,True,0.028901,0.044043,0.072944,
949,arm2_arithmetic_plain,True,97,480,4.948454,True,0.033192,0.049022,0.082214,
950,arm2_arithmetic_plain,True,106,480,4.528302,True,0.029838,0.042332,0.072170,
951,arm2_arithmetic_plain,True,105,480,4.571429,True,0.027656,0.043453,0.071109,
952,arm2_arithmetic_plain,True,102,480,4.705882,True,0.028359,0.041401,0.069760,
953,arm2_arithmetic_plain,True,104,480,4.615385,True,0.031479,0.044808,0.076288,
954,arm2_arithmetic_plain,True,104,480,4.615385,True,0.029690,0.042689,0.072379,
955,arm2_arithmetic_plain,True,104,480,4.615385,True,0.031577,0.042728,0.074304,
956,arm2_arithmetic_plain,True,98,480,4.897959,True,0.034291,0.046763,0.081054,
957,arm2_arithmetic_plain,False,,,,False,0.021668,0.000000,0.021668,Game ended after 67 plies with 323/480 bits embedded — message too long for this carrier game.
958,arm2_arithmetic_plain,True,100,480,4.800000,True,0.031869,0.043393,0.075262,
959,arm2_arithmetic_plain,True,102,480,4.705882,True,0.030072,0.042079,0.072151,
960,arm2_arithmetic_plain,True,99,480,4.848485,True,0.032989,0.044966,0.077955,
961,arm2_arithmetic_plain,True,98,480,4.897959,True,0.037801,0.046768,0.084568,
962,arm2_arithmetic_plain,True,103,480,4.660194,True,0.029146,0.043487,0.072633,
963,arm2_arithmetic_plain,True,106,480,4.528302,True,0.039495,0.041133,0.080627,
964,arm2_arithmetic_plain,True,98,480,4.897959,True,0.031170,0.039698,0.070868,
965,arm2_arithmetic_plain,True,96,480,5.000000,True,0.032465,0.045681,0.078146,
966,arm2_arithmetic_plain,True,97,480,4.948454,True,0.031264,0.042615,0.073879,
967,arm2_arithmetic_plain,True,99,480,4.848485,True,0.039437,0.066016,0.105452,
968,arm2_arithmetic_plain,True,101,480,4.752475,True,0.032613,0.045147,0.077760,
969,arm2_arithmetic_plain,True,108,480,4.444444,True,0.028749,0.044471,0.073220,
970,arm2_arithmetic_plain,True,98,480,4.897959,True,0.034516,0.045158,0.079674,
971,arm2_arithmetic_plain,True,101,480,4.752475,True,0.033788,0.046771,0.080558,
972,arm2_arithmetic_plain,True,101,480,4.752475,True,0.033193,0.043280,0.076472,
973,arm2_arithmetic_plain,True,104,480,4.615385,True,0.030888,0.042633,0.073521,
974,arm2_arithmetic_plain,True,99,480,4.848485,True,0.033322,0.045160,0.078482,
975,arm2_arithmetic_plain,False,,,,False,0.028611,0.000000,0.028612,Game ended after 103 plies with 466/480 bits embedded — message too long for this carrier game.
976,arm2_arithmetic_plain,True,102,480,4.705882,True,0.027620,0.040551,0.068172,
977,arm2_arithmetic_plain,True,102,480,4.705882,True,0.029597,0.043285,0.072882,
978,arm2_arithmetic_plain,True,106,480,4.528302,True,0.030531,0.043643,0.074173,
979,arm2_arithmetic_plain,True,103,480,4.660194,True,0.030465,0.044746,0.075210,
980,arm2_arithmetic_plain,True,97,480,4.948454,True,0.035950,0.045490,0.081440,
981,arm2_arithmetic_plain,True,104,480,4.615385,True,0.028265,0.040261,0.068526,
982,arm2_arithmetic_plain,True,97,480,4.948454,True,0.031438,0.043238,0.074676,
983,arm2_arithmetic_plain,True,105,480,4.571429,True,0.030507,0.043924,0.074431,
984,arm2_arithmetic_plain,True,109,480,4.403670,True,0.026215,0.040198,0.066414,
985,arm2_arithmetic_plain,True,100,480,4.800000,True,0.029743,0.041704,0.071447,
986,arm2_arithmetic_plain,True,103,480,4.660194,True,0.029132,0.041596,0.070728,
987,arm2_arithmetic_plain,True,101,480,4.752475,True,0.032775,0.042545,0.075320,
988,arm2_arithmetic_plain,True,101,480,4.752475,True,0.030213,0.041414,0.071626,
989,arm2_arithmetic_plain,True,100,480,4.800000,True,0.029817,0.041297,0.071114,
990,arm2_arithmetic_plain,True,100,480,4.800000,True,0.031015,0.042596,0.073611,
991,arm2_arithmetic_plain,True,104,480,4.615385,True,0.026080,0.038850,0.064931,
992,arm2_arithmetic_plain,True,108,480,4.444444,True,0.030143,0.043470,0.073613,
993,arm2_arithmetic_plain,True,99,480,4.848485,True,0.028650,0.039337,0.067987,
994,arm2_arithmetic_plain,True,100,480,4.800000,True,0.028123,0.038299,0.066422,
995,arm2_arithmetic_plain,True,100,480,4.800000,True,0.027619,0.040181,0.067800,
996,arm2_arithmetic_plain,True,103,480,4.660194,True,0.030261,0.042002,0.072263,
997,arm2_arithmetic_plain,True,102,480,4.705882,True,0.026583,0.037219,0.063802,
998,arm2_arithmetic_plain,True,101,480,4.752475,True,0.026882,0.037811,0.064693,
999,arm2_arithmetic_plain,False,,,,False,0.023927,0.000000,0.023927,Game ended after 84 plies with 404/480 bits embedded — message too long for this carrier game.
0,arm3_arithmetic_steered,True,102,480,4.705882,True,0.032545,0.045255,0.077800,
1,arm3_arithmetic_steered,True,100,480,4.800000,True,0.033731,0.053051,0.086782,
2,arm3_arithmetic_steered,True,98,480,4.897959,True,0.030891,0.042229,0.073119,
3,arm3_arithmetic_steered,True,108,480,4.444444,True,0.027851,0.045643,0.073493,
4,arm3_arithmetic_steered,True,96,480,5.000000,True,0.031269,0.045430,0.076700,
5,arm3_arithmetic_steered,True,103,480,4.660194,True,0.034320,0.051359,0.085679,
6,arm3_arithmetic_steered,True,99,480,4.848485,True,0.034288,0.055664,0.089952,
7,arm3_arithmetic_steered,True,107,480,4.485981,True,0.028224,0.058150,0.086374,
8,arm3_arithmetic_steered,True,103,480,4.660194,True,0.035605,0.048835,0.084440,
9,arm3_arithmetic_steered,True,104,480,4.615385,True,0.034051,0.052757,0.086807,
10,arm3_arithmetic_steered,True,101,480,4.752475,True,0.042838,0.057889,0.100727,
11,arm3_arithmetic_steered,True,106,480,4.528302,True,0.027812,0.050930,0.078742,
12,arm3_arithmetic_steered,True,101,480,4.752475,True,0.039358,0.058097,0.097455,
13,arm3_arithmetic_steered,True,98,480,4.897959,True,0.055733,0.071168,0.126901,
14,arm3_arithmetic_steered,True,99,480,4.848485,True,0.039499,0.058205,0.097704,
15,arm3_arithmetic_steered,True,98,480,4.897959,True,0.041137,0.057183,0.098320,
16,arm3_arithmetic_steered,True,104,480,4.615385,True,0.039855,0.051420,0.091275,
17,arm3_arithmetic_steered,True,102,480,4.705882,True,0.033330,0.054554,0.087884,
18,arm3_arithmetic_steered,True,102,480,4.705882,True,0.041247,0.056912,0.098159,
19,arm3_arithmetic_steered,True,99,480,4.848485,True,0.031854,0.046297,0.078151,
20,arm3_arithmetic_steered,True,102,480,4.705882,True,0.030611,0.045561,0.076172,
21,arm3_arithmetic_steered,True,98,480,4.897959,True,0.035569,0.048816,0.084385,
22,arm3_arithmetic_steered,True,100,480,4.800000,True,0.037217,0.054957,0.092174,
23,arm3_arithmetic_steered,True,102,480,4.705882,True,0.030787,0.046101,0.076888,
24,arm3_arithmetic_steered,True,102,480,4.705882,True,0.031577,0.051140,0.082717,
25,arm3_arithmetic_steered,True,101,480,4.752475,True,0.032366,0.046889,0.079254,
26,arm3_arithmetic_steered,True,103,480,4.660194,True,0.035960,0.046534,0.082494,
27,arm3_arithmetic_steered,True,99,480,4.848485,True,0.031506,0.044670,0.076176,
28,arm3_arithmetic_steered,True,99,480,4.848485,True,0.032966,0.046277,0.079244,
29,arm3_arithmetic_steered,True,97,480,4.948454,True,0.032928,0.046521,0.079449,
30,arm3_arithmetic_steered,True,110,480,4.363636,True,0.029823,0.053107,0.082930,
31,arm3_arithmetic_steered,True,99,480,4.848485,True,0.031330,0.045912,0.077242,
32,arm3_arithmetic_steered,True,101,480,4.752475,True,0.032303,0.048100,0.080403,
33,arm3_arithmetic_steered,True,102,480,4.705882,True,0.030122,0.046954,0.077076,
34,arm3_arithmetic_steered,True,100,480,4.800000,True,0.041666,0.050344,0.092010,
35,arm3_arithmetic_steered,True,101,480,4.752475,True,0.032998,0.046847,0.079845,
36,arm3_arithmetic_steered,True,100,480,4.800000,True,0.035626,0.051010,0.086637,
37,arm3_arithmetic_steered,True,100,480,4.800000,True,0.037565,0.050807,0.088372,
38,arm3_arithmetic_steered,True,99,480,4.848485,True,0.032639,0.057237,0.089876,
39,arm3_arithmetic_steered,True,108,480,4.444444,True,0.032163,0.055630,0.087793,
40,arm3_arithmetic_steered,True,104,480,4.615385,True,0.036254,0.055271,0.091525,
41,arm3_arithmetic_steered,True,100,480,4.800000,True,0.033280,0.049154,0.082434,
42,arm3_arithmetic_steered,True,101,480,4.752475,True,0.034662,0.047862,0.082524,
43,arm3_arithmetic_steered,True,104,480,4.615385,True,0.031177,0.047288,0.078465,
44,arm3_arithmetic_steered,True,100,480,4.800000,True,0.033972,0.048099,0.082070,
45,arm3_arithmetic_steered,True,100,480,4.800000,True,0.034232,0.047409,0.081641,
46,arm3_arithmetic_steered,True,101,480,4.752475,True,0.041135,0.058435,0.099570,
47,arm3_arithmetic_steered,False,,,,False,0.018577,0.000000,0.018578,Game ended after 62 plies with 296/480 bits embedded — message too long for this carrier game.
48,arm3_arithmetic_steered,True,101,480,4.752475,True,0.034872,0.047856,0.082728,
49,arm3_arithmetic_steered,True,97,480,4.948454,True,0.042907,0.058412,0.101319,
50,arm3_arithmetic_steered,True,101,480,4.752475,True,0.032001,0.047112,0.079112,
51,arm3_arithmetic_steered,True,103,480,4.660194,True,0.029599,0.043214,0.072813,
52,arm3_arithmetic_steered,True,97,480,4.948454,True,0.036864,0.050230,0.087095,
53,arm3_arithmetic_steered,True,100,480,4.800000,True,0.029725,0.043894,0.073619,
54,arm3_arithmetic_steered,True,101,480,4.752475,True,0.033143,0.047100,0.080243,
55,arm3_arithmetic_steered,True,98,480,4.897959,True,0.034164,0.048874,0.083038,
56,arm3_arithmetic_steered,True,103,480,4.660194,True,0.030848,0.045396,0.076244,
57,arm3_arithmetic_steered,True,98,480,4.897959,True,0.038009,0.049757,0.087766,
58,arm3_arithmetic_steered,True,103,480,4.660194,True,0.030740,0.046500,0.077241,
59,arm3_arithmetic_steered,True,98,480,4.897959,True,0.033689,0.046355,0.080044,
60,arm3_arithmetic_steered,True,96,480,5.000000,True,0.034574,0.047559,0.082133,
61,arm3_arithmetic_steered,True,99,480,4.848485,True,0.032714,0.047471,0.080185,
62,arm3_arithmetic_steered,True,103,480,4.660194,True,0.032265,0.050362,0.082626,
63,arm3_arithmetic_steered,True,100,480,4.800000,True,0.039186,0.055627,0.094813,
64,arm3_arithmetic_steered,True,102,480,4.705882,True,0.034845,0.048975,0.083820,
65,arm3_arithmetic_steered,True,101,480,4.752475,True,0.035214,0.053762,0.088975,
66,arm3_arithmetic_steered,True,100,480,4.800000,True,0.034292,0.049307,0.083599,
67,arm3_arithmetic_steered,False,,,,False,0.043671,0.000000,0.043672,Game ended after 80 plies with 387/480 bits embedded — message too long for this carrier game.
68,arm3_arithmetic_steered,True,103,480,4.660194,True,0.032336,0.050820,0.083156,
69,arm3_arithmetic_steered,True,100,480,4.800000,True,0.036124,0.049051,0.085175,
70,arm3_arithmetic_steered,True,100,480,4.800000,True,0.031026,0.046224,0.077250,
71,arm3_arithmetic_steered,True,103,480,4.660194,True,0.029214,0.043797,0.073011,
72,arm3_arithmetic_steered,True,100,480,4.800000,True,0.032807,0.061208,0.094016,
73,arm3_arithmetic_steered,True,101,480,4.752475,True,0.033820,0.045783,0.079603,
74,arm3_arithmetic_steered,True,98,480,4.897959,True,0.038570,0.052629,0.091198,
75,arm3_arithmetic_steered,True,96,480,5.000000,True,0.036736,0.048072,0.084808,
76,arm3_arithmetic_steered,True,106,480,4.528302,True,0.030362,0.048143,0.078505,
77,arm3_arithmetic_steered,True,104,480,4.615385,True,0.038148,0.057344,0.095493,
78,arm3_arithmetic_steered,True,101,480,4.752475,True,0.029775,0.043464,0.073239,
79,arm3_arithmetic_steered,True,102,480,4.705882,True,0.030636,0.048107,0.078743,
80,arm3_arithmetic_steered,True,106,480,4.528302,True,0.027617,0.045664,0.073282,
81,arm3_arithmetic_steered,True,99,480,4.848485,True,0.044750,0.059454,0.104204,
82,arm3_arithmetic_steered,True,102,480,4.705882,True,0.033424,0.048269,0.081693,
83,arm3_arithmetic_steered,True,100,480,4.800000,True,0.035038,0.051274,0.086311,
84,arm3_arithmetic_steered,True,102,480,4.705882,True,0.034372,0.051930,0.086302,
85,arm3_arithmetic_steered,True,102,480,4.705882,True,0.030364,0.045167,0.075531,
86,arm3_arithmetic_steered,True,97,480,4.948454,True,0.031175,0.044108,0.075283,
87,arm3_arithmetic_steered,True,101,480,4.752475,True,0.030308,0.045505,0.075813,
88,arm3_arithmetic_steered,True,98,480,4.897959,True,0.035011,0.053297,0.088308,
89,arm3_arithmetic_steered,True,101,480,4.752475,True,0.031346,0.045456,0.076802,
90,arm3_arithmetic_steered,True,98,480,4.897959,True,0.033053,0.046216,0.079268,
91,arm3_arithmetic_steered,True,97,480,4.948454,True,0.038269,0.050511,0.088781,
92,arm3_arithmetic_steered,True,104,480,4.615385,True,0.031688,0.045446,0.077135,
93,arm3_arithmetic_steered,True,101,480,4.752475,True,0.030822,0.044974,0.075797,
94,arm3_arithmetic_steered,True,102,480,4.705882,True,0.035315,0.050232,0.085547,
95,arm3_arithmetic_steered,True,102,480,4.705882,True,0.030475,0.046935,0.077410,
96,arm3_arithmetic_steered,True,102,480,4.705882,True,0.031538,0.045797,0.077334,
97,arm3_arithmetic_steered,True,105,480,4.571429,True,0.041587,0.060697,0.102284,
98,arm3_arithmetic_steered,True,102,480,4.705882,True,0.032073,0.061494,0.093568,
99,arm3_arithmetic_steered,True,98,480,4.897959,True,0.034767,0.050295,0.085062,
100,arm3_arithmetic_steered,True,107,480,4.485981,True,0.034043,0.051306,0.085349,
101,arm3_arithmetic_steered,True,100,480,4.800000,True,0.034432,0.042661,0.077093,
102,arm3_arithmetic_steered,True,97,480,4.948454,True,0.038242,0.048163,0.086405,
103,arm3_arithmetic_steered,True,98,480,4.897959,True,0.031187,0.046403,0.077590,
104,arm3_arithmetic_steered,True,100,480,4.800000,True,0.047192,0.052835,0.100027,
105,arm3_arithmetic_steered,True,100,480,4.800000,True,0.032858,0.046987,0.079845,
106,arm3_arithmetic_steered,True,96,480,5.000000,True,0.038366,0.051595,0.089961,
107,arm3_arithmetic_steered,True,99,480,4.848485,True,0.033558,0.046822,0.080380,
108,arm3_arithmetic_steered,True,98,480,4.897959,True,0.038078,0.055910,0.093988,
109,arm3_arithmetic_steered,True,99,480,4.848485,True,0.034300,0.048260,0.082560,
110,arm3_arithmetic_steered,True,102,480,4.705882,True,0.031695,0.047693,0.079388,
111,arm3_arithmetic_steered,True,99,480,4.848485,True,0.037696,0.049548,0.087243,
112,arm3_arithmetic_steered,True,108,480,4.444444,True,0.030902,0.048710,0.079613,
113,arm3_arithmetic_steered,True,101,480,4.752475,True,0.035011,0.046788,0.081799,
114,arm3_arithmetic_steered,True,100,480,4.800000,True,0.032461,0.056085,0.088546,
115,arm3_arithmetic_steered,True,100,480,4.800000,True,0.034340,0.047901,0.082241,
116,arm3_arithmetic_steered,True,98,480,4.897959,True,0.035713,0.048202,0.083915,
117,arm3_arithmetic_steered,False,,,,False,0.015501,0.000000,0.015502,Game ended after 48 plies with 218/480 bits embedded — message too long for this carrier game.
118,arm3_arithmetic_steered,True,98,480,4.897959,True,0.039980,0.053333,0.093313,
119,arm3_arithmetic_steered,True,101,480,4.752475,True,0.032161,0.045935,0.078095,
120,arm3_arithmetic_steered,True,100,480,4.800000,True,0.032215,0.044408,0.076623,
121,arm3_arithmetic_steered,True,109,480,4.403670,True,0.029983,0.048020,0.078003,
122,arm3_arithmetic_steered,True,98,480,4.897959,True,0.040209,0.072605,0.112814,
123,arm3_arithmetic_steered,True,100,480,4.800000,True,0.038792,0.049610,0.088402,
124,arm3_arithmetic_steered,True,98,480,4.897959,True,0.035141,0.047227,0.082368,
125,arm3_arithmetic_steered,True,103,480,4.660194,True,0.042304,0.064945,0.107249,
126,arm3_arithmetic_steered,True,100,480,4.800000,True,0.032805,0.063143,0.095948,
127,arm3_arithmetic_steered,True,97,480,4.948454,True,0.035167,0.048550,0.083718,
128,arm3_arithmetic_steered,True,100,480,4.800000,True,0.035681,0.061962,0.097643,
129,arm3_arithmetic_steered,True,100,480,4.800000,True,0.036684,0.048203,0.084887,
130,arm3_arithmetic_steered,False,,,,False,0.016723,0.000000,0.016724,Game ended after 55 plies with 259/480 bits embedded — message too long for this carrier game.
131,arm3_arithmetic_steered,True,98,480,4.897959,True,0.036139,0.052321,0.088461,
132,arm3_arithmetic_steered,True,102,480,4.705882,True,0.033387,0.047540,0.080927,
133,arm3_arithmetic_steered,True,101,480,4.752475,True,0.036408,0.048481,0.084889,
134,arm3_arithmetic_steered,True,99,480,4.848485,True,0.033714,0.047732,0.081446,
135,arm3_arithmetic_steered,True,95,480,5.052632,True,0.040455,0.058402,0.098857,
136,arm3_arithmetic_steered,True,99,480,4.848485,True,0.033141,0.047555,0.080696,
137,arm3_arithmetic_steered,True,101,480,4.752475,True,0.031291,0.047005,0.078296,
138,arm3_arithmetic_steered,True,97,480,4.948454,True,0.036512,0.047609,0.084121,
139,arm3_arithmetic_steered,True,99,480,4.848485,True,0.036297,0.056195,0.092492,
140,arm3_arithmetic_steered,True,99,480,4.848485,True,0.036629,0.049349,0.085978,
141,arm3_arithmetic_steered,True,103,480,4.660194,True,0.032815,0.051916,0.084731,
142,arm3_arithmetic_steered,False,,,,False,0.023951,0.000000,0.023952,Game ended after 71 plies with 346/480 bits embedded — message too long for this carrier game.
143,arm3_arithmetic_steered,True,101,480,4.752475,True,0.032641,0.045903,0.078544,
144,arm3_arithmetic_steered,True,100,480,4.800000,True,0.034747,0.049102,0.083848,
145,arm3_arithmetic_steered,True,103,480,4.660194,True,0.037331,0.047875,0.085206,
146,arm3_arithmetic_steered,True,100,480,4.800000,True,0.033408,0.047432,0.080840,
147,arm3_arithmetic_steered,True,100,480,4.800000,True,0.032873,0.046829,0.079702,
148,arm3_arithmetic_steered,True,102,480,4.705882,True,0.039856,0.059445,0.099302,
149,arm3_arithmetic_steered,True,97,480,4.948454,True,0.037061,0.043972,0.081032,
150,arm3_arithmetic_steered,True,99,480,4.848485,True,0.031665,0.045955,0.077619,
151,arm3_arithmetic_steered,True,100,480,4.800000,True,0.030664,0.044231,0.074895,
152,arm3_arithmetic_steered,True,97,480,4.948454,True,0.032747,0.046994,0.079741,
153,arm3_arithmetic_steered,True,99,480,4.848485,True,0.047075,0.046890,0.093966,
154,arm3_arithmetic_steered,True,101,480,4.752475,True,0.031911,0.045038,0.076949,
155,arm3_arithmetic_steered,True,101,480,4.752475,True,0.033016,0.046342,0.079358,
156,arm3_arithmetic_steered,True,103,480,4.660194,True,0.029058,0.046347,0.075405,
157,arm3_arithmetic_steered,True,108,480,4.444444,True,0.028554,0.043767,0.072321,
158,arm3_arithmetic_steered,True,103,480,4.660194,True,0.032030,0.056710,0.088740,
159,arm3_arithmetic_steered,True,104,480,4.615385,True,0.035175,0.051408,0.086583,
160,arm3_arithmetic_steered,True,98,480,4.897959,True,0.038819,0.070503,0.109322,
161,arm3_arithmetic_steered,True,98,480,4.897959,True,0.051162,0.062692,0.113853,
162,arm3_arithmetic_steered,True,101,480,4.752475,True,0.031809,0.044463,0.076272,
163,arm3_arithmetic_steered,True,103,480,4.660194,True,0.034792,0.047551,0.082343,
164,arm3_arithmetic_steered,True,100,480,4.800000,True,0.031589,0.047581,0.079170,
165,arm3_arithmetic_steered,True,98,480,4.897959,True,0.034362,0.048611,0.082973,
166,arm3_arithmetic_steered,True,102,480,4.705882,True,0.037586,0.059037,0.096623,
167,arm3_arithmetic_steered,True,100,480,4.800000,True,0.036591,0.050033,0.086624,
168,arm3_arithmetic_steered,True,98,480,4.897959,True,0.041042,0.053240,0.094283,
169,arm3_arithmetic_steered,True,101,480,4.752475,True,0.038031,0.056877,0.094907,
170,arm3_arithmetic_steered,True,102,480,4.705882,True,0.033142,0.050962,0.084104,
171,arm3_arithmetic_steered,True,96,480,5.000000,True,0.034958,0.053767,0.088725,
172,arm3_arithmetic_steered,True,100,480,4.800000,True,0.035074,0.048550,0.083624,
173,arm3_arithmetic_steered,True,100,480,4.800000,True,0.036185,0.050456,0.086641,
174,arm3_arithmetic_steered,True,104,480,4.615385,True,0.029812,0.047821,0.077633,
175,arm3_arithmetic_steered,True,103,480,4.660194,True,0.031858,0.048818,0.080676,
176,arm3_arithmetic_steered,True,100,480,4.800000,True,0.031363,0.044045,0.075408,
177,arm3_arithmetic_steered,True,108,480,4.444444,True,0.032512,0.068895,0.101407,
178,arm3_arithmetic_steered,True,103,480,4.660194,True,0.034558,0.053858,0.088416,
179,arm3_arithmetic_steered,True,101,480,4.752475,True,0.036415,0.053514,0.089929,
180,arm3_arithmetic_steered,True,99,480,4.848485,True,0.035541,0.050692,0.086233,
181,arm3_arithmetic_steered,True,102,480,4.705882,True,0.039933,0.057889,0.097821,
182,arm3_arithmetic_steered,True,100,480,4.800000,True,0.036462,0.051129,0.087591,
183,arm3_arithmetic_steered,True,98,480,4.897959,True,0.036388,0.050649,0.087037,
184,arm3_arithmetic_steered,True,97,480,4.948454,True,0.036058,0.047639,0.083697,
185,arm3_arithmetic_steered,True,105,480,4.571429,True,0.035045,0.057670,0.092715,
186,arm3_arithmetic_steered,True,103,480,4.660194,True,0.032446,0.047533,0.079979,
187,arm3_arithmetic_steered,True,97,480,4.948454,True,0.033643,0.047876,0.081519,
188,arm3_arithmetic_steered,True,102,480,4.705882,True,0.031853,0.046993,0.078847,
189,arm3_arithmetic_steered,True,102,480,4.705882,True,0.033778,0.049631,0.083409,
190,arm3_arithmetic_steered,True,102,480,4.705882,True,0.031362,0.050470,0.081832,
191,arm3_arithmetic_steered,True,101,480,4.752475,True,0.040501,0.056425,0.096927,
192,arm3_arithmetic_steered,True,99,480,4.848485,True,0.037042,0.052459,0.089502,
193,arm3_arithmetic_steered,True,102,480,4.705882,True,0.037099,0.052560,0.089659,
194,arm3_arithmetic_steered,True,97,480,4.948454,True,0.034244,0.048319,0.082563,
195,arm3_arithmetic_steered,True,96,480,5.000000,True,0.037948,0.055606,0.093554,
196,arm3_arithmetic_steered,True,102,480,4.705882,True,0.035969,0.052253,0.088222,
197,arm3_arithmetic_steered,True,99,480,4.848485,True,0.035482,0.047708,0.083190,
198,arm3_arithmetic_steered,True,102,480,4.705882,True,0.034140,0.049565,0.083705,
199,arm3_arithmetic_steered,True,103,480,4.660194,True,0.032804,0.046287,0.079092,
200,arm3_arithmetic_steered,True,103,480,4.660194,True,0.042652,0.052851,0.095503,
201,arm3_arithmetic_steered,True,97,480,4.948454,True,0.037089,0.048358,0.085447,
202,arm3_arithmetic_steered,True,103,480,4.660194,True,0.035414,0.050094,0.085508,
203,arm3_arithmetic_steered,True,100,480,4.800000,True,0.036482,0.052892,0.089374,
204,arm3_arithmetic_steered,True,108,480,4.444444,True,0.032555,0.049698,0.082253,
205,arm3_arithmetic_steered,True,103,480,4.660194,True,0.033835,0.049916,0.083751,
206,arm3_arithmetic_steered,True,96,480,5.000000,True,0.034186,0.047301,0.081487,
207,arm3_arithmetic_steered,True,98,480,4.897959,True,0.033853,0.048981,0.082833,
208,arm3_arithmetic_steered,True,108,480,4.444444,True,0.029122,0.053293,0.082415,
209,arm3_arithmetic_steered,True,99,480,4.848485,True,0.041855,0.058227,0.100082,
210,arm3_arithmetic_steered,True,99,480,4.848485,True,0.055525,0.085321,0.140845,
211,arm3_arithmetic_steered,True,105,480,4.571429,True,0.031633,0.047009,0.078641,
212,arm3_arithmetic_steered,True,98,480,4.897959,True,0.035296,0.048832,0.084129,
213,arm3_arithmetic_steered,True,101,480,4.752475,True,0.054547,0.062563,0.117110,
214,arm3_arithmetic_steered,True,98,480,4.897959,True,0.032077,0.044463,0.076540,
215,arm3_arithmetic_steered,True,110,480,4.363636,True,0.030931,0.051309,0.082239,
216,arm3_arithmetic_steered,True,97,480,4.948454,True,0.034741,0.046812,0.081553,
217,arm3_arithmetic_steered,True,98,480,4.897959,True,0.031408,0.044095,0.075503,
218,arm3_arithmetic_steered,True,100,480,4.800000,True,0.031335,0.045641,0.076976,
219,arm3_arithmetic_steered,True,102,480,4.705882,True,0.039212,0.057149,0.096361,
220,arm3_arithmetic_steered,True,97,480,4.948454,True,0.031442,0.045397,0.076840,
221,arm3_arithmetic_steered,True,96,480,5.000000,True,0.038022,0.051546,0.089568,
222,arm3_arithmetic_steered,True,99,480,4.848485,True,0.038720,0.047041,0.085761,
223,arm3_arithmetic_steered,True,102,480,4.705882,True,0.031800,0.048250,0.080050,
224,arm3_arithmetic_steered,True,103,480,4.660194,True,0.029908,0.042817,0.072724,
225,arm3_arithmetic_steered,True,97,480,4.948454,True,0.035496,0.047130,0.082626,
226,arm3_arithmetic_steered,True,103,480,4.660194,True,0.031948,0.046234,0.078182,
227,arm3_arithmetic_steered,True,99,480,4.848485,True,0.031147,0.049090,0.080237,
228,arm3_arithmetic_steered,True,100,480,4.800000,True,0.038692,0.049645,0.088336,
229,arm3_arithmetic_steered,True,97,480,4.948454,True,0.032467,0.044006,0.076473,
230,arm3_arithmetic_steered,True,97,480,4.948454,True,0.038638,0.053959,0.092598,
231,arm3_arithmetic_steered,True,104,480,4.615385,True,0.031302,0.048277,0.079579,
232,arm3_arithmetic_steered,True,99,480,4.848485,True,0.035229,0.053811,0.089040,
233,arm3_arithmetic_steered,True,98,480,4.897959,True,0.033974,0.046561,0.080535,
234,arm3_arithmetic_steered,True,100,480,4.800000,True,0.031247,0.049323,0.080570,
235,arm3_arithmetic_steered,True,101,480,4.752475,True,0.030806,0.045275,0.076081,
236,arm3_arithmetic_steered,True,103,480,4.660194,True,0.037179,0.072058,0.109238,
237,arm3_arithmetic_steered,True,107,480,4.485981,True,0.034057,0.048204,0.082262,
238,arm3_arithmetic_steered,True,105,480,4.571429,True,0.035635,0.051525,0.087160,
239,arm3_arithmetic_steered,True,100,480,4.800000,True,0.040150,0.054188,0.094338,
240,arm3_arithmetic_steered,True,99,480,4.848485,True,0.037833,0.051662,0.089495,
241,arm3_arithmetic_steered,True,98,480,4.897959,True,0.031189,0.051862,0.083050,
242,arm3_arithmetic_steered,True,102,480,4.705882,True,0.045145,0.059058,0.104203,
243,arm3_arithmetic_steered,True,104,480,4.615385,True,0.030961,0.045813,0.076774,
244,arm3_arithmetic_steered,True,102,480,4.705882,True,0.029643,0.042736,0.072378,
245,arm3_arithmetic_steered,True,97,480,4.948454,True,0.035481,0.049162,0.084643,
246,arm3_arithmetic_steered,True,101,480,4.752475,True,0.034099,0.047461,0.081560,
247,arm3_arithmetic_steered,True,103,480,4.660194,True,0.039250,0.053352,0.092602,
248,arm3_arithmetic_steered,True,104,480,4.615385,True,0.036196,0.046910,0.083106,
249,arm3_arithmetic_steered,True,96,480,5.000000,True,0.037695,0.051660,0.089356,
250,arm3_arithmetic_steered,True,100,480,4.800000,True,0.036041,0.042662,0.078703,
251,arm3_arithmetic_steered,True,102,480,4.705882,True,0.030191,0.044249,0.074439,
252,arm3_arithmetic_steered,True,101,480,4.752475,True,0.037632,0.053950,0.091582,
253,arm3_arithmetic_steered,True,97,480,4.948454,True,0.039751,0.055239,0.094990,
254,arm3_arithmetic_steered,True,96,480,5.000000,True,0.034334,0.047386,0.081720,
255,arm3_arithmetic_steered,True,101,480,4.752475,True,0.033835,0.048658,0.082492,
256,arm3_arithmetic_steered,True,96,480,5.000000,True,0.039510,0.056401,0.095912,
257,arm3_arithmetic_steered,True,104,480,4.615385,True,0.030480,0.045577,0.076057,
258,arm3_arithmetic_steered,True,98,480,4.897959,True,0.035541,0.050202,0.085743,
259,arm3_arithmetic_steered,True,102,480,4.705882,True,0.031897,0.047682,0.079579,
260,arm3_arithmetic_steered,True,103,480,4.660194,True,0.032557,0.045597,0.078154,
261,arm3_arithmetic_steered,True,104,480,4.615385,True,0.031602,0.048911,0.080513,
262,arm3_arithmetic_steered,True,107,480,4.485981,True,0.028260,0.048065,0.076325,
263,arm3_arithmetic_steered,False,,,,False,0.028375,0.000000,0.028376,Game ended after 70 plies with 335/480 bits embedded — message too long for this carrier game.
264,arm3_arithmetic_steered,True,100,480,4.800000,True,0.035429,0.049093,0.084523,
265,arm3_arithmetic_steered,True,103,480,4.660194,True,0.033657,0.049082,0.082739,
266,arm3_arithmetic_steered,True,104,480,4.615385,True,0.035264,0.049999,0.085263,
267,arm3_arithmetic_steered,True,102,480,4.705882,True,0.037716,0.062510,0.100226,
268,arm3_arithmetic_steered,True,100,480,4.800000,True,0.036058,0.049485,0.085544,
269,arm3_arithmetic_steered,True,100,480,4.800000,True,0.032124,0.045335,0.077458,
270,arm3_arithmetic_steered,True,102,480,4.705882,True,0.032858,0.045655,0.078513,
271,arm3_arithmetic_steered,True,96,480,5.000000,True,0.035609,0.050146,0.085755,
272,arm3_arithmetic_steered,True,101,480,4.752475,True,0.033075,0.048914,0.081989,
273,arm3_arithmetic_steered,True,99,480,4.848485,True,0.037411,0.052843,0.090254,
274,arm3_arithmetic_steered,True,100,480,4.800000,True,0.037794,0.080562,0.118356,
275,arm3_arithmetic_steered,True,105,480,4.571429,True,0.030708,0.044258,0.074966,
276,arm3_arithmetic_steered,True,102,480,4.705882,True,0.030987,0.045684,0.076672,
277,arm3_arithmetic_steered,True,98,480,4.897959,True,0.036703,0.050579,0.087281,
278,arm3_arithmetic_steered,True,101,480,4.752475,True,0.033554,0.046592,0.080147,
279,arm3_arithmetic_steered,True,96,480,5.000000,True,0.052952,0.052300,0.105252,
280,arm3_arithmetic_steered,True,97,480,4.948454,True,0.035727,0.049111,0.084838,
281,arm3_arithmetic_steered,True,101,480,4.752475,True,0.030154,0.045022,0.075176,
282,arm3_arithmetic_steered,True,100,480,4.800000,True,0.035572,0.055267,0.090839,
283,arm3_arithmetic_steered,True,99,480,4.848485,True,0.033976,0.048352,0.082328,
284,arm3_arithmetic_steered,True,95,480,5.052632,True,0.036585,0.049673,0.086258,
285,arm3_arithmetic_steered,True,98,480,4.897959,True,0.036585,0.051248,0.087833,
286,arm3_arithmetic_steered,False,,,,False,0.040346,0.000000,0.040347,Game ended after 100 plies with 479/480 bits embedded — message too long for this carrier game.
287,arm3_arithmetic_steered,True,102,480,4.705882,True,0.034716,0.050285,0.085001,
288,arm3_arithmetic_steered,True,102,480,4.705882,True,0.033862,0.048275,0.082137,
289,arm3_arithmetic_steered,True,103,480,4.660194,True,0.038716,0.056374,0.095090,
290,arm3_arithmetic_steered,True,100,480,4.800000,True,0.032350,0.054745,0.087096,
291,arm3_arithmetic_steered,True,104,480,4.615385,True,0.035432,0.051167,0.086598,
292,arm3_arithmetic_steered,True,105,480,4.571429,True,0.041041,0.059033,0.100075,
293,arm3_arithmetic_steered,True,105,480,4.571429,True,0.031944,0.055965,0.087908,
294,arm3_arithmetic_steered,True,105,480,4.571429,True,0.037497,0.062121,0.099618,
295,arm3_arithmetic_steered,True,101,480,4.752475,True,0.031095,0.047248,0.078343,
296,arm3_arithmetic_steered,True,101,480,4.752475,True,0.033313,0.047925,0.081237,
297,arm3_arithmetic_steered,True,106,480,4.528302,True,0.033194,0.048959,0.082154,
298,arm3_arithmetic_steered,True,103,480,4.660194,True,0.039096,0.052950,0.092046,
299,arm3_arithmetic_steered,True,103,480,4.660194,True,0.033855,0.050900,0.084755,
300,arm3_arithmetic_steered,True,101,480,4.752475,True,0.032056,0.046258,0.078313,
301,arm3_arithmetic_steered,True,100,480,4.800000,True,0.035451,0.048122,0.083573,
302,arm3_arithmetic_steered,True,101,480,4.752475,True,0.045671,0.058450,0.104122,
303,arm3_arithmetic_steered,True,103,480,4.660194,True,0.035912,0.054393,0.090305,
304,arm3_arithmetic_steered,True,100,480,4.800000,True,0.035235,0.050060,0.085295,
305,arm3_arithmetic_steered,True,97,480,4.948454,True,0.038936,0.048529,0.087465,
306,arm3_arithmetic_steered,True,100,480,4.800000,True,0.041334,0.054787,0.096121,
307,arm3_arithmetic_steered,True,101,480,4.752475,True,0.035783,0.050422,0.086204,
308,arm3_arithmetic_steered,True,101,480,4.752475,True,0.030745,0.046547,0.077292,
309,arm3_arithmetic_steered,True,101,480,4.752475,True,0.032084,0.048554,0.080637,
310,arm3_arithmetic_steered,True,101,480,4.752475,True,0.037338,0.048138,0.085476,
311,arm3_arithmetic_steered,True,97,480,4.948454,True,0.039286,0.053070,0.092355,
312,arm3_arithmetic_steered,True,102,480,4.705882,True,0.035363,0.048716,0.084079,
313,arm3_arithmetic_steered,True,101,480,4.752475,True,0.033838,0.046973,0.080811,
314,arm3_arithmetic_steered,True,102,480,4.705882,True,0.037918,0.059928,0.097846,
315,arm3_arithmetic_steered,True,96,480,5.000000,True,0.035177,0.048343,0.083520,
316,arm3_arithmetic_steered,True,96,480,5.000000,True,0.032933,0.043960,0.076893,
317,arm3_arithmetic_steered,True,97,480,4.948454,True,0.034280,0.047928,0.082208,
318,arm3_arithmetic_steered,True,102,480,4.705882,True,0.036323,0.050400,0.086723,
319,arm3_arithmetic_steered,True,98,480,4.897959,True,0.036865,0.048339,0.085204,
320,arm3_arithmetic_steered,True,101,480,4.752475,True,0.033124,0.046559,0.079683,
321,arm3_arithmetic_steered,True,107,480,4.485981,True,0.028073,0.046935,0.075008,
322,arm3_arithmetic_steered,True,102,480,4.705882,True,0.041139,0.063300,0.104439,
323,arm3_arithmetic_steered,False,,,,False,0.033217,0.000000,0.033219,Game ended after 97 plies with 454/480 bits embedded — message too long for this carrier game.
324,arm3_arithmetic_steered,True,107,480,4.485981,True,0.034298,0.048942,0.083240,
325,arm3_arithmetic_steered,True,103,480,4.660194,True,0.032280,0.047072,0.079352,
326,arm3_arithmetic_steered,True,104,480,4.615385,True,0.036224,0.059086,0.095310,
327,arm3_arithmetic_steered,True,105,480,4.571429,True,0.029384,0.046741,0.076124,
328,arm3_arithmetic_steered,True,103,480,4.660194,True,0.032088,0.045783,0.077872,
329,arm3_arithmetic_steered,True,100,480,4.800000,True,0.035476,0.057940,0.093417,
330,arm3_arithmetic_steered,True,105,480,4.571429,True,0.031998,0.049751,0.081749,
331,arm3_arithmetic_steered,True,104,480,4.615385,True,0.034571,0.052024,0.086595,
332,arm3_arithmetic_steered,True,103,480,4.660194,True,0.040268,0.056509,0.096777,
333,arm3_arithmetic_steered,False,,,,False,0.009049,0.000000,0.009050,Game ended after 32 plies with 142/480 bits embedded — message too long for this carrier game.
334,arm3_arithmetic_steered,False,,,,False,0.020962,0.000000,0.020962,Game ended after 64 plies with 307/480 bits embedded — message too long for this carrier game.
335,arm3_arithmetic_steered,True,99,480,4.848485,True,0.041854,0.058295,0.100149,
336,arm3_arithmetic_steered,True,99,480,4.848485,True,0.032105,0.050870,0.082975,
337,arm3_arithmetic_steered,True,99,480,4.848485,True,0.033855,0.044745,0.078599,
338,arm3_arithmetic_steered,False,,,,False,0.039259,0.000000,0.039260,Game ended after 90 plies with 450/480 bits embedded — message too long for this carrier game.
339,arm3_arithmetic_steered,True,101,480,4.752475,True,0.034242,0.050139,0.084381,
340,arm3_arithmetic_steered,True,99,480,4.848485,True,0.041014,0.054135,0.095150,
341,arm3_arithmetic_steered,True,100,480,4.800000,True,0.036560,0.049947,0.086506,
342,arm3_arithmetic_steered,True,105,480,4.571429,True,0.033793,0.048704,0.082497,
343,arm3_arithmetic_steered,True,100,480,4.800000,True,0.030621,0.044641,0.075262,
344,arm3_arithmetic_steered,True,96,480,5.000000,True,0.033109,0.045601,0.078710,
345,arm3_arithmetic_steered,True,100,480,4.800000,True,0.031816,0.046899,0.078715,
346,arm3_arithmetic_steered,True,102,480,4.705882,True,0.041479,0.042065,0.083545,
347,arm3_arithmetic_steered,True,107,480,4.485981,True,0.035474,0.054032,0.089506,
348,arm3_arithmetic_steered,True,98,480,4.897959,True,0.032351,0.045389,0.077740,
349,arm3_arithmetic_steered,True,101,480,4.752475,True,0.029070,0.042657,0.071727,
350,arm3_arithmetic_steered,True,102,480,4.705882,True,0.033472,0.046935,0.080407,
351,arm3_arithmetic_steered,True,100,480,4.800000,True,0.032182,0.044198,0.076380,
352,arm3_arithmetic_steered,True,97,480,4.948454,True,0.036825,0.051995,0.088821,
353,arm3_arithmetic_steered,True,100,480,4.800000,True,0.036433,0.047992,0.084424,
354,arm3_arithmetic_steered,True,102,480,4.705882,True,0.032102,0.041316,0.073418,
355,arm3_arithmetic_steered,True,100,480,4.800000,True,0.033878,0.047218,0.081096,
356,arm3_arithmetic_steered,True,103,480,4.660194,True,0.052290,0.067108,0.119398,
357,arm3_arithmetic_steered,True,100,480,4.800000,True,0.034706,0.047234,0.081939,
358,arm3_arithmetic_steered,True,96,480,5.000000,True,0.032502,0.044792,0.077294,
359,arm3_arithmetic_steered,True,96,480,5.000000,True,0.035121,0.047161,0.082282,
360,arm3_arithmetic_steered,True,107,480,4.485981,True,0.031564,0.046682,0.078246,
361,arm3_arithmetic_steered,True,103,480,4.660194,True,0.034009,0.047302,0.081311,
362,arm3_arithmetic_steered,True,101,480,4.752475,True,0.033873,0.046619,0.080492,
363,arm3_arithmetic_steered,True,100,480,4.800000,True,0.038119,0.057122,0.095241,
364,arm3_arithmetic_steered,True,102,480,4.705882,True,0.031573,0.045648,0.077221,
365,arm3_arithmetic_steered,True,106,480,4.528302,True,0.029893,0.045206,0.075100,
366,arm3_arithmetic_steered,True,97,480,4.948454,True,0.033800,0.045613,0.079412,
367,arm3_arithmetic_steered,True,98,480,4.897959,True,0.034145,0.054445,0.088590,
368,arm3_arithmetic_steered,True,100,480,4.800000,True,0.036549,0.045253,0.081802,
369,arm3_arithmetic_steered,True,99,480,4.848485,True,0.034093,0.046803,0.080896,
370,arm3_arithmetic_steered,True,96,480,5.000000,True,0.035557,0.047768,0.083325,
371,arm3_arithmetic_steered,True,100,480,4.800000,True,0.035471,0.048027,0.083498,
372,arm3_arithmetic_steered,True,98,480,4.897959,True,0.032846,0.044421,0.077267,
373,arm3_arithmetic_steered,True,101,480,4.752475,True,0.030668,0.047057,0.077726,
374,arm3_arithmetic_steered,True,96,480,5.000000,True,0.035447,0.047974,0.083420,
375,arm3_arithmetic_steered,True,101,480,4.752475,True,0.031230,0.045111,0.076341,
376,arm3_arithmetic_steered,True,105,480,4.571429,True,0.032253,0.047137,0.079391,
377,arm3_arithmetic_steered,True,103,480,4.660194,True,0.033068,0.045262,0.078330,
378,arm3_arithmetic_steered,True,99,480,4.848485,True,0.042219,0.053967,0.096186,
379,arm3_arithmetic_steered,True,99,480,4.848485,True,0.034698,0.045286,0.079984,
380,arm3_arithmetic_steered,True,105,480,4.571429,True,0.033983,0.046694,0.080677,
381,arm3_arithmetic_steered,True,100,480,4.800000,True,0.035197,0.049111,0.084308,
382,arm3_arithmetic_steered,True,96,480,5.000000,True,0.036570,0.083958,0.120528,
383,arm3_arithmetic_steered,True,99,480,4.848485,True,0.037256,0.045524,0.082779,
384,arm3_arithmetic_steered,True,103,480,4.660194,True,0.033021,0.046755,0.079776,
385,arm3_arithmetic_steered,True,102,480,4.705882,True,0.033449,0.047362,0.080811,
386,arm3_arithmetic_steered,True,103,480,4.660194,True,0.038650,0.053043,0.091694,
387,arm3_arithmetic_steered,True,105,480,4.571429,True,0.034868,0.048007,0.082875,
388,arm3_arithmetic_steered,True,106,480,4.528302,True,0.029781,0.046392,0.076174,
389,arm3_arithmetic_steered,True,102,480,4.705882,True,0.033531,0.047683,0.081214,
390,arm3_arithmetic_steered,True,103,480,4.660194,True,0.033713,0.051932,0.085646,
391,arm3_arithmetic_steered,True,105,480,4.571429,True,0.027888,0.043410,0.071298,
392,arm3_arithmetic_steered,True,107,480,4.485981,True,0.030473,0.046647,0.077120,
393,arm3_arithmetic_steered,True,106,480,4.528302,True,0.033026,0.048441,0.081466,
394,arm3_arithmetic_steered,True,100,480,4.800000,True,0.033420,0.046434,0.079854,
395,arm3_arithmetic_steered,True,100,480,4.800000,True,0.033946,0.045765,0.079711,
396,arm3_arithmetic_steered,True,100,480,4.800000,True,0.039961,0.049937,0.089898,
397,arm3_arithmetic_steered,True,97,480,4.948454,True,0.038064,0.052978,0.091042,
398,arm3_arithmetic_steered,True,101,480,4.752475,True,0.037708,0.052832,0.090540,
399,arm3_arithmetic_steered,True,103,480,4.660194,True,0.036547,0.052147,0.088694,
400,arm3_arithmetic_steered,True,101,480,4.752475,True,0.031067,0.044864,0.075931,
401,arm3_arithmetic_steered,True,103,480,4.660194,True,0.030661,0.045818,0.076479,
402,arm3_arithmetic_steered,True,99,480,4.848485,True,0.033934,0.048103,0.082038,
403,arm3_arithmetic_steered,True,103,480,4.660194,True,0.033185,0.046562,0.079747,
404,arm3_arithmetic_steered,True,100,480,4.800000,True,0.032496,0.048402,0.080898,
405,arm3_arithmetic_steered,True,98,480,4.897959,True,0.035655,0.047135,0.082790,
406,arm3_arithmetic_steered,True,101,480,4.752475,True,0.031678,0.046064,0.077742,
407,arm3_arithmetic_steered,True,101,480,4.752475,True,0.031150,0.045596,0.076746,
408,arm3_arithmetic_steered,True,101,480,4.752475,True,0.041742,0.051452,0.093194,
409,arm3_arithmetic_steered,True,99,480,4.848485,True,0.034737,0.046636,0.081373,
410,arm3_arithmetic_steered,True,96,480,5.000000,True,0.035220,0.046649,0.081869,
411,arm3_arithmetic_steered,True,98,480,4.897959,True,0.032937,0.047954,0.080891,
412,arm3_arithmetic_steered,True,100,480,4.800000,True,0.032050,0.047104,0.079155,
413,arm3_arithmetic_steered,True,99,480,4.848485,True,0.036122,0.046663,0.082785,
414,arm3_arithmetic_steered,True,99,480,4.848485,True,0.035771,0.048777,0.084547,
415,arm3_arithmetic_steered,True,102,480,4.705882,True,0.033941,0.045340,0.079281,
416,arm3_arithmetic_steered,True,103,480,4.660194,True,0.035548,0.048761,0.084309,
417,arm3_arithmetic_steered,True,102,480,4.705882,True,0.039412,0.057435,0.096847,
418,arm3_arithmetic_steered,True,95,480,5.052632,True,0.038940,0.049840,0.088780,
419,arm3_arithmetic_steered,True,100,480,4.800000,True,0.032309,0.044838,0.077147,
420,arm3_arithmetic_steered,True,101,480,4.752475,True,0.032207,0.049470,0.081677,
421,arm3_arithmetic_steered,True,108,480,4.444444,True,0.035912,0.052230,0.088142,
422,arm3_arithmetic_steered,True,100,480,4.800000,True,0.037283,0.050056,0.087339,
423,arm3_arithmetic_steered,True,98,480,4.897959,True,0.043381,0.063389,0.106770,
424,arm3_arithmetic_steered,True,107,480,4.485981,True,0.035388,0.053046,0.088434,
425,arm3_arithmetic_steered,True,105,480,4.571429,True,0.035615,0.051576,0.087191,
426,arm3_arithmetic_steered,True,106,480,4.528302,True,0.039357,0.056148,0.095505,
427,arm3_arithmetic_steered,True,96,480,5.000000,True,0.040919,0.051393,0.092312,
428,arm3_arithmetic_steered,True,99,480,4.848485,True,0.040936,0.049431,0.090367,
429,arm3_arithmetic_steered,True,102,480,4.705882,True,0.030325,0.047205,0.077530,
430,arm3_arithmetic_steered,True,100,480,4.800000,True,0.034719,0.047581,0.082300,
431,arm3_arithmetic_steered,True,104,480,4.615385,True,0.030049,0.046370,0.076419,
432,arm3_arithmetic_steered,True,101,480,4.752475,True,0.034495,0.047591,0.082086,
433,arm3_arithmetic_steered,True,107,480,4.485981,True,0.029445,0.042799,0.072244,
434,arm3_arithmetic_steered,True,95,480,5.052632,True,0.036572,0.048033,0.084605,
435,arm3_arithmetic_steered,True,98,480,4.897959,True,0.029290,0.044931,0.074222,
436,arm3_arithmetic_steered,True,99,480,4.848485,True,0.034492,0.048046,0.082538,
437,arm3_arithmetic_steered,True,100,480,4.800000,True,0.031854,0.044924,0.076778,
438,arm3_arithmetic_steered,True,97,480,4.948454,True,0.031594,0.045189,0.076783,
439,arm3_arithmetic_steered,True,96,480,5.000000,True,0.041929,0.057406,0.099335,
440,arm3_arithmetic_steered,True,103,480,4.660194,True,0.037478,0.049846,0.087325,
441,arm3_arithmetic_steered,True,100,480,4.800000,True,0.041070,0.045657,0.086727,
442,arm3_arithmetic_steered,True,105,480,4.571429,True,0.033577,0.048098,0.081676,
443,arm3_arithmetic_steered,True,98,480,4.897959,True,0.035300,0.046489,0.081789,
444,arm3_arithmetic_steered,True,105,480,4.571429,True,0.036283,0.055233,0.091516,
445,arm3_arithmetic_steered,True,98,480,4.897959,True,0.039400,0.053798,0.093198,
446,arm3_arithmetic_steered,True,98,480,4.897959,True,0.036835,0.047538,0.084373,
447,arm3_arithmetic_steered,True,98,480,4.897959,True,0.043002,0.059159,0.102161,
448,arm3_arithmetic_steered,True,101,480,4.752475,True,0.031768,0.045780,0.077548,
449,arm3_arithmetic_steered,True,97,480,4.948454,True,0.037610,0.048171,0.085780,
450,arm3_arithmetic_steered,True,102,480,4.705882,True,0.052784,0.055389,0.108174,
451,arm3_arithmetic_steered,True,101,480,4.752475,True,0.034322,0.049422,0.083744,
452,arm3_arithmetic_steered,True,101,480,4.752475,True,0.038299,0.054294,0.092594,
453,arm3_arithmetic_steered,True,102,480,4.705882,True,0.034206,0.047306,0.081512,
454,arm3_arithmetic_steered,True,104,480,4.615385,True,0.040992,0.056811,0.097802,
455,arm3_arithmetic_steered,True,100,480,4.800000,True,0.034233,0.046024,0.080257,
456,arm3_arithmetic_steered,True,102,480,4.705882,True,0.034757,0.049513,0.084270,
457,arm3_arithmetic_steered,True,98,480,4.897959,True,0.032867,0.046723,0.079591,
458,arm3_arithmetic_steered,True,104,480,4.615385,True,0.032489,0.045812,0.078301,
459,arm3_arithmetic_steered,True,100,480,4.800000,True,0.062018,0.060714,0.122732,
460,arm3_arithmetic_steered,True,101,480,4.752475,True,0.033854,0.049100,0.082954,
461,arm3_arithmetic_steered,True,98,480,4.897959,True,0.032465,0.051643,0.084108,
462,arm3_arithmetic_steered,True,97,480,4.948454,True,0.033543,0.045633,0.079176,
463,arm3_arithmetic_steered,True,99,480,4.848485,True,0.032883,0.045706,0.078589,
464,arm3_arithmetic_steered,True,106,480,4.528302,True,0.027731,0.043764,0.071495,
465,arm3_arithmetic_steered,True,93,480,5.161290,True,0.036945,0.048146,0.085092,
466,arm3_arithmetic_steered,True,104,480,4.615385,True,0.033970,0.048593,0.082563,
467,arm3_arithmetic_steered,True,97,480,4.948454,True,0.069929,0.088814,0.158743,
468,arm3_arithmetic_steered,True,99,480,4.848485,True,0.035371,0.048409,0.083781,
469,arm3_arithmetic_steered,True,102,480,4.705882,True,0.034579,0.044625,0.079204,
470,arm3_arithmetic_steered,True,96,480,5.000000,True,0.037587,0.045749,0.083337,
471,arm3_arithmetic_steered,True,98,480,4.897959,True,0.032292,0.044990,0.077282,
472,arm3_arithmetic_steered,True,105,480,4.571429,True,0.029476,0.043861,0.073337,
473,arm3_arithmetic_steered,True,108,480,4.444444,True,0.030190,0.047539,0.077729,
474,arm3_arithmetic_steered,True,100,480,4.800000,True,0.035955,0.050004,0.085960,
475,arm3_arithmetic_steered,True,106,480,4.528302,True,0.031167,0.048212,0.079379,
476,arm3_arithmetic_steered,True,104,480,4.615385,True,0.030024,0.046759,0.076784,
477,arm3_arithmetic_steered,True,99,480,4.848485,True,0.056402,0.061605,0.118007,
478,arm3_arithmetic_steered,True,101,480,4.752475,True,0.034186,0.048059,0.082245,
479,arm3_arithmetic_steered,True,101,480,4.752475,True,0.039037,0.049020,0.088057,
480,arm3_arithmetic_steered,True,97,480,4.948454,True,0.034942,0.049063,0.084005,
481,arm3_arithmetic_steered,True,99,480,4.848485,True,0.035901,0.051622,0.087523,
482,arm3_arithmetic_steered,True,100,480,4.800000,True,0.036503,0.056570,0.093073,
483,arm3_arithmetic_steered,True,98,480,4.897959,True,0.037471,0.050467,0.087938,
484,arm3_arithmetic_steered,True,97,480,4.948454,True,0.038837,0.050652,0.089489,
485,arm3_arithmetic_steered,True,101,480,4.752475,True,0.037994,0.050472,0.088466,
486,arm3_arithmetic_steered,True,103,480,4.660194,True,0.037188,0.056024,0.093211,
487,arm3_arithmetic_steered,True,105,480,4.571429,True,0.037610,0.056102,0.093712,
488,arm3_arithmetic_steered,True,100,480,4.800000,True,0.033756,0.048876,0.082632,
489,arm3_arithmetic_steered,True,103,480,4.660194,True,0.035476,0.051209,0.086685,
490,arm3_arithmetic_steered,True,110,480,4.363636,True,0.028601,0.041881,0.070482,
491,arm3_arithmetic_steered,True,98,480,4.897959,True,0.033970,0.047085,0.081055,
492,arm3_arithmetic_steered,True,101,480,4.752475,True,0.031550,0.045627,0.077178,
493,arm3_arithmetic_steered,True,103,480,4.660194,True,0.037589,0.053721,0.091310,
494,arm3_arithmetic_steered,True,101,480,4.752475,True,0.039001,0.051691,0.090692,
495,arm3_arithmetic_steered,True,108,480,4.444444,True,0.038071,0.055455,0.093525,
496,arm3_arithmetic_steered,True,101,480,4.752475,True,0.036249,0.051881,0.088130,
497,arm3_arithmetic_steered,True,100,480,4.800000,True,0.038534,0.051108,0.089641,
498,arm3_arithmetic_steered,True,102,480,4.705882,True,0.043381,0.055841,0.099222,
499,arm3_arithmetic_steered,True,101,480,4.752475,True,0.035219,0.048466,0.083684,
500,arm3_arithmetic_steered,True,98,480,4.897959,True,0.037386,0.051491,0.088877,
501,arm3_arithmetic_steered,True,99,480,4.848485,True,0.045135,0.059254,0.104389,
502,arm3_arithmetic_steered,True,103,480,4.660194,True,0.034331,0.049858,0.084189,
503,arm3_arithmetic_steered,True,97,480,4.948454,True,0.038545,0.050927,0.089472,
504,arm3_arithmetic_steered,True,100,480,4.800000,True,0.036362,0.049267,0.085628,
505,arm3_arithmetic_steered,True,99,480,4.848485,True,0.032432,0.045080,0.077512,
506,arm3_arithmetic_steered,True,100,480,4.800000,True,0.028808,0.042111,0.070919,
507,arm3_arithmetic_steered,True,95,480,5.052632,True,0.040094,0.052275,0.092369,
508,arm3_arithmetic_steered,True,99,480,4.848485,True,0.033900,0.048684,0.082584,
509,arm3_arithmetic_steered,True,103,480,4.660194,True,0.032404,0.048979,0.081383,
510,arm3_arithmetic_steered,True,105,480,4.571429,True,0.035791,0.052967,0.088758,
511,arm3_arithmetic_steered,True,104,480,4.615385,True,0.031164,0.043806,0.074970,
512,arm3_arithmetic_steered,True,99,480,4.848485,True,0.033830,0.046441,0.080271,
513,arm3_arithmetic_steered,True,102,480,4.705882,True,0.037427,0.055532,0.092959,
514,arm3_arithmetic_steered,True,102,480,4.705882,True,0.035542,0.048527,0.084069,
515,arm3_arithmetic_steered,True,101,480,4.752475,True,0.035764,0.046531,0.082295,
516,arm3_arithmetic_steered,True,100,480,4.800000,True,0.032402,0.050953,0.083355,
517,arm3_arithmetic_steered,True,100,480,4.800000,True,0.035733,0.050497,0.086230,
518,arm3_arithmetic_steered,True,98,480,4.897959,True,0.036643,0.047541,0.084184,
519,arm3_arithmetic_steered,True,102,480,4.705882,True,0.037277,0.057289,0.094565,
520,arm3_arithmetic_steered,True,98,480,4.897959,True,0.033623,0.048375,0.081998,
521,arm3_arithmetic_steered,True,101,480,4.752475,True,0.037638,0.051375,0.089014,
522,arm3_arithmetic_steered,True,96,480,5.000000,True,0.040209,0.051188,0.091397,
523,arm3_arithmetic_steered,True,103,480,4.660194,True,0.033505,0.049421,0.082926,
524,arm3_arithmetic_steered,True,103,480,4.660194,True,0.034403,0.049654,0.084057,
525,arm3_arithmetic_steered,False,,,,False,0.036777,0.000000,0.036779,Game ended after 92 plies with 439/480 bits embedded — message too long for this carrier game.
526,arm3_arithmetic_steered,True,103,480,4.660194,True,0.033225,0.051612,0.084837,
527,arm3_arithmetic_steered,True,102,480,4.705882,True,0.031262,0.047778,0.079040,
528,arm3_arithmetic_steered,True,101,480,4.752475,True,0.035777,0.051558,0.087334,
529,arm3_arithmetic_steered,True,106,480,4.528302,True,0.043621,0.069580,0.113200,
530,arm3_arithmetic_steered,True,100,480,4.800000,True,0.040929,0.053365,0.094294,
531,arm3_arithmetic_steered,True,104,480,4.615385,True,0.035451,0.051794,0.087245,
532,arm3_arithmetic_steered,True,101,480,4.752475,True,0.040175,0.059207,0.099382,
533,arm3_arithmetic_steered,True,99,480,4.848485,True,0.040195,0.053060,0.093255,
534,arm3_arithmetic_steered,True,102,480,4.705882,True,0.037248,0.051455,0.088703,
535,arm3_arithmetic_steered,True,99,480,4.848485,True,0.040914,0.055051,0.095965,
536,arm3_arithmetic_steered,True,99,480,4.848485,True,0.040198,0.058001,0.098199,
537,arm3_arithmetic_steered,True,98,480,4.897959,True,0.038112,0.051024,0.089136,
538,arm3_arithmetic_steered,True,99,480,4.848485,True,0.033449,0.054657,0.088106,
539,arm3_arithmetic_steered,True,108,480,4.444444,True,0.034088,0.049922,0.084009,
540,arm3_arithmetic_steered,True,97,480,4.948454,True,0.043449,0.055223,0.098672,
541,arm3_arithmetic_steered,True,102,480,4.705882,True,0.030584,0.047815,0.078399,
542,arm3_arithmetic_steered,True,100,480,4.800000,True,0.036901,0.049346,0.086247,
543,arm3_arithmetic_steered,True,101,480,4.752475,True,0.031417,0.044062,0.075479,
544,arm3_arithmetic_steered,True,95,480,5.052632,True,0.045110,0.053462,0.098572,
545,arm3_arithmetic_steered,True,104,480,4.615385,True,0.034339,0.050176,0.084515,
546,arm3_arithmetic_steered,True,102,480,4.705882,True,0.053273,0.063713,0.116986,
547,arm3_arithmetic_steered,True,99,480,4.848485,True,0.038495,0.054962,0.093456,
548,arm3_arithmetic_steered,False,,,,False,0.037495,0.000000,0.037497,Game ended after 87 plies with 430/480 bits embedded — message too long for this carrier game.
549,arm3_arithmetic_steered,True,104,480,4.615385,True,0.035812,0.050702,0.086515,
550,arm3_arithmetic_steered,True,100,480,4.800000,True,0.056438,0.055046,0.111483,
551,arm3_arithmetic_steered,True,101,480,4.752475,True,0.043844,0.050587,0.094431,
552,arm3_arithmetic_steered,True,101,480,4.752475,True,0.037019,0.052764,0.089783,
553,arm3_arithmetic_steered,True,101,480,4.752475,True,0.041848,0.061140,0.102988,
554,arm3_arithmetic_steered,True,96,480,5.000000,True,0.036015,0.050553,0.086568,
555,arm3_arithmetic_steered,True,100,480,4.800000,True,0.035395,0.047614,0.083009,
556,arm3_arithmetic_steered,True,96,480,5.000000,True,0.036249,0.050172,0.086421,
557,arm3_arithmetic_steered,True,97,480,4.948454,True,0.033775,0.054594,0.088369,
558,arm3_arithmetic_steered,True,99,480,4.848485,True,0.039688,0.075130,0.114818,
559,arm3_arithmetic_steered,True,99,480,4.848485,True,0.035588,0.048933,0.084521,
560,arm3_arithmetic_steered,True,98,480,4.897959,True,0.038026,0.050213,0.088239,
561,arm3_arithmetic_steered,True,98,480,4.897959,True,0.038346,0.049459,0.087806,
562,arm3_arithmetic_steered,True,97,480,4.948454,True,0.037373,0.048697,0.086070,
563,arm3_arithmetic_steered,True,99,480,4.848485,True,0.030634,0.043021,0.073654,
564,arm3_arithmetic_steered,True,107,480,4.485981,True,0.029352,0.042968,0.072320,
565,arm3_arithmetic_steered,True,96,480,5.000000,True,0.038911,0.058285,0.097196,
566,arm3_arithmetic_steered,True,101,480,4.752475,True,0.050033,0.061863,0.111896,
567,arm3_arithmetic_steered,True,100,480,4.800000,True,0.037648,0.054933,0.092581,
568,arm3_arithmetic_steered,True,103,480,4.660194,True,0.032625,0.045676,0.078300,
569,arm3_arithmetic_steered,True,95,480,5.052632,True,0.039047,0.054498,0.093546,
570,arm3_arithmetic_steered,True,96,480,5.000000,True,0.038933,0.050553,0.089485,
571,arm3_arithmetic_steered,True,101,480,4.752475,True,0.038634,0.051932,0.090566,
572,arm3_arithmetic_steered,True,98,480,4.897959,True,0.035009,0.047638,0.082646,
573,arm3_arithmetic_steered,True,103,480,4.660194,True,0.037725,0.052765,0.090490,
574,arm3_arithmetic_steered,True,99,480,4.848485,True,0.039989,0.057321,0.097310,
575,arm3_arithmetic_steered,True,98,480,4.897959,True,0.034310,0.048238,0.082549,
576,arm3_arithmetic_steered,True,100,480,4.800000,True,0.034095,0.047262,0.081357,
577,arm3_arithmetic_steered,True,102,480,4.705882,True,0.037833,0.050647,0.088480,
578,arm3_arithmetic_steered,True,98,480,4.897959,True,0.033273,0.048232,0.081505,
579,arm3_arithmetic_steered,True,97,480,4.948454,True,0.060741,0.080026,0.140767,
580,arm3_arithmetic_steered,True,107,480,4.485981,True,0.031282,0.046372,0.077653,
581,arm3_arithmetic_steered,True,102,480,4.705882,True,0.033697,0.046518,0.080216,
582,arm3_arithmetic_steered,True,100,480,4.800000,True,0.031569,0.045250,0.076819,
583,arm3_arithmetic_steered,True,99,480,4.848485,True,0.030880,0.046382,0.077262,
584,arm3_arithmetic_steered,True,102,480,4.705882,True,0.033751,0.047791,0.081542,
585,arm3_arithmetic_steered,True,101,480,4.752475,True,0.031397,0.046574,0.077971,
586,arm3_arithmetic_steered,True,100,480,4.800000,True,0.032392,0.045352,0.077745,
587,arm3_arithmetic_steered,True,99,480,4.848485,True,0.034610,0.049753,0.084363,
588,arm3_arithmetic_steered,True,99,480,4.848485,True,0.033388,0.045427,0.078814,
589,arm3_arithmetic_steered,True,97,480,4.948454,True,0.036921,0.048521,0.085441,
590,arm3_arithmetic_steered,True,101,480,4.752475,True,0.034844,0.048944,0.083788,
591,arm3_arithmetic_steered,True,95,480,5.052632,True,0.035231,0.050299,0.085530,
592,arm3_arithmetic_steered,True,103,480,4.660194,True,0.036481,0.048243,0.084724,
593,arm3_arithmetic_steered,True,96,480,5.000000,True,0.031377,0.044213,0.075590,
594,arm3_arithmetic_steered,True,106,480,4.528302,True,0.030857,0.044736,0.075593,
595,arm3_arithmetic_steered,True,102,480,4.705882,True,0.036239,0.051615,0.087855,
596,arm3_arithmetic_steered,True,100,480,4.800000,True,0.031425,0.047952,0.079377,
597,arm3_arithmetic_steered,True,101,480,4.752475,True,0.033304,0.046765,0.080069,
598,arm3_arithmetic_steered,True,99,480,4.848485,True,0.037803,0.059556,0.097360,
599,arm3_arithmetic_steered,True,103,480,4.660194,True,0.035392,0.049257,0.084650,
600,arm3_arithmetic_steered,True,99,480,4.848485,True,0.033594,0.045545,0.079140,
601,arm3_arithmetic_steered,True,102,480,4.705882,True,0.033601,0.048809,0.082410,
602,arm3_arithmetic_steered,True,107,480,4.485981,True,0.030738,0.049103,0.079840,
603,arm3_arithmetic_steered,True,99,480,4.848485,True,0.037580,0.051501,0.089081,
604,arm3_arithmetic_steered,True,101,480,4.752475,True,0.032632,0.045210,0.077842,
605,arm3_arithmetic_steered,False,,,,False,0.026420,0.000000,0.026421,Game ended after 86 plies with 403/480 bits embedded — message too long for this carrier game.
606,arm3_arithmetic_steered,True,102,480,4.705882,True,0.034150,0.047460,0.081609,
607,arm3_arithmetic_steered,True,102,480,4.705882,True,0.031780,0.045303,0.077083,
608,arm3_arithmetic_steered,True,107,480,4.485981,True,0.029823,0.048076,0.077899,
609,arm3_arithmetic_steered,True,100,480,4.800000,True,0.056695,0.072431,0.129127,
610,arm3_arithmetic_steered,True,99,480,4.848485,True,0.032846,0.043740,0.076586,
611,arm3_arithmetic_steered,True,97,480,4.948454,True,0.035484,0.049299,0.084783,
612,arm3_arithmetic_steered,True,101,480,4.752475,True,0.032584,0.046012,0.078596,
613,arm3_arithmetic_steered,True,103,480,4.660194,True,0.031642,0.045201,0.076844,
614,arm3_arithmetic_steered,True,98,480,4.897959,True,0.039260,0.072488,0.111748,
615,arm3_arithmetic_steered,True,101,480,4.752475,True,0.032192,0.045812,0.078004,
616,arm3_arithmetic_steered,True,102,480,4.705882,True,0.032178,0.047198,0.079377,
617,arm3_arithmetic_steered,True,104,480,4.615385,True,0.028772,0.043369,0.072141,
618,arm3_arithmetic_steered,True,101,480,4.752475,True,0.032100,0.044601,0.076701,
619,arm3_arithmetic_steered,True,104,480,4.615385,True,0.033150,0.045512,0.078662,
620,arm3_arithmetic_steered,True,102,480,4.705882,True,0.035274,0.055683,0.090957,
621,arm3_arithmetic_steered,True,105,480,4.571429,True,0.028557,0.045012,0.073569,
622,arm3_arithmetic_steered,True,98,480,4.897959,True,0.031782,0.045114,0.076896,
623,arm3_arithmetic_steered,True,103,480,4.660194,True,0.030994,0.045731,0.076725,
624,arm3_arithmetic_steered,True,101,480,4.752475,True,0.034034,0.047413,0.081446,
625,arm3_arithmetic_steered,True,101,480,4.752475,True,0.030230,0.048036,0.078266,
626,arm3_arithmetic_steered,True,113,480,4.247788,True,0.027150,0.043267,0.070416,
627,arm3_arithmetic_steered,True,97,480,4.948454,True,0.033071,0.044532,0.077603,
628,arm3_arithmetic_steered,True,100,480,4.800000,True,0.036148,0.046153,0.082301,
629,arm3_arithmetic_steered,True,98,480,4.897959,True,0.035826,0.047444,0.083270,
630,arm3_arithmetic_steered,True,106,480,4.528302,True,0.031618,0.046652,0.078269,
631,arm3_arithmetic_steered,True,102,480,4.705882,True,0.038862,0.048617,0.087479,
632,arm3_arithmetic_steered,True,98,480,4.897959,True,0.031835,0.042010,0.073844,
633,arm3_arithmetic_steered,True,101,480,4.752475,True,0.033384,0.047431,0.080815,
634,arm3_arithmetic_steered,True,101,480,4.752475,True,0.034519,0.047042,0.081561,
635,arm3_arithmetic_steered,True,106,480,4.528302,True,0.029648,0.043329,0.072977,
636,arm3_arithmetic_steered,True,103,480,4.660194,True,0.031676,0.045668,0.077344,
637,arm3_arithmetic_steered,True,101,480,4.752475,True,0.034823,0.047510,0.082333,
638,arm3_arithmetic_steered,True,102,480,4.705882,True,0.031687,0.046180,0.077867,
639,arm3_arithmetic_steered,True,102,480,4.705882,True,0.034241,0.047672,0.081912,
640,arm3_arithmetic_steered,True,104,480,4.615385,True,0.030724,0.046163,0.076887,
641,arm3_arithmetic_steered,True,101,480,4.752475,True,0.032391,0.045340,0.077731,
642,arm3_arithmetic_steered,True,98,480,4.897959,True,0.032817,0.044946,0.077764,
643,arm3_arithmetic_steered,True,100,480,4.800000,True,0.032306,0.047202,0.079508,
644,arm3_arithmetic_steered,True,100,480,4.800000,True,0.037544,0.058633,0.096177,
645,arm3_arithmetic_steered,True,100,480,4.800000,True,0.036317,0.051035,0.087352,
646,arm3_arithmetic_steered,True,101,480,4.752475,True,0.032474,0.044399,0.076873,
647,arm3_arithmetic_steered,True,103,480,4.660194,True,0.032325,0.045530,0.077855,
648,arm3_arithmetic_steered,True,105,480,4.571429,True,0.030532,0.045980,0.076513,
649,arm3_arithmetic_steered,True,98,480,4.897959,True,0.036958,0.048197,0.085155,
650,arm3_arithmetic_steered,True,99,480,4.848485,True,0.040437,0.050389,0.090826,
651,arm3_arithmetic_steered,True,104,480,4.615385,True,0.031516,0.044871,0.076387,
652,arm3_arithmetic_steered,True,102,480,4.705882,True,0.033310,0.044442,0.077752,
653,arm3_arithmetic_steered,True,104,480,4.615385,True,0.032445,0.048291,0.080737,
654,arm3_arithmetic_steered,True,100,480,4.800000,True,0.034468,0.048673,0.083141,
655,arm3_arithmetic_steered,True,105,480,4.571429,True,0.031038,0.046074,0.077112,
656,arm3_arithmetic_steered,True,99,480,4.848485,True,0.040157,0.047529,0.087686,
657,arm3_arithmetic_steered,True,109,480,4.403670,True,0.032148,0.048430,0.080578,
658,arm3_arithmetic_steered,True,102,480,4.705882,True,0.034305,0.047292,0.081597,
659,arm3_arithmetic_steered,True,98,480,4.897959,True,0.035129,0.048385,0.083515,
660,arm3_arithmetic_steered,False,,,,False,0.016826,0.000000,0.016827,Game ended after 52 plies with 247/480 bits embedded — message too long for this carrier game.
661,arm3_arithmetic_steered,True,100,480,4.800000,True,0.032033,0.043333,0.075366,
662,arm3_arithmetic_steered,True,100,480,4.800000,True,0.036214,0.040978,0.077192,
663,arm3_arithmetic_steered,True,98,480,4.897959,True,0.037039,0.051603,0.088642,
664,arm3_arithmetic_steered,True,100,480,4.800000,True,0.030724,0.046063,0.076787,
665,arm3_arithmetic_steered,True,101,480,4.752475,True,0.032328,0.044875,0.077204,
666,arm3_arithmetic_steered,True,101,480,4.752475,True,0.056892,0.077216,0.134108,
667,arm3_arithmetic_steered,True,109,480,4.403670,True,0.028920,0.045696,0.074616,
668,arm3_arithmetic_steered,True,106,480,4.528302,True,0.031161,0.044856,0.076017,
669,arm3_arithmetic_steered,True,101,480,4.752475,True,0.041606,0.053634,0.095239,
670,arm3_arithmetic_steered,True,104,480,4.615385,True,0.049718,0.059349,0.109067,
671,arm3_arithmetic_steered,True,99,480,4.848485,True,0.033561,0.045596,0.079157,
672,arm3_arithmetic_steered,True,100,480,4.800000,True,0.031647,0.044804,0.076451,
673,arm3_arithmetic_steered,True,104,480,4.615385,True,0.034915,0.050598,0.085513,
674,arm3_arithmetic_steered,True,103,480,4.660194,True,0.031647,0.045992,0.077640,
675,arm3_arithmetic_steered,True,97,480,4.948454,True,0.034335,0.048345,0.082680,
676,arm3_arithmetic_steered,True,97,480,4.948454,True,0.034536,0.065383,0.099918,
677,arm3_arithmetic_steered,True,101,480,4.752475,True,0.032404,0.045765,0.078169,
678,arm3_arithmetic_steered,True,100,480,4.800000,True,0.041199,0.064039,0.105238,
679,arm3_arithmetic_steered,True,100,480,4.800000,True,0.034325,0.045989,0.080314,
680,arm3_arithmetic_steered,True,97,480,4.948454,True,0.034359,0.044213,0.078572,
681,arm3_arithmetic_steered,True,99,480,4.848485,True,0.031525,0.045129,0.076654,
682,arm3_arithmetic_steered,True,111,480,4.324324,True,0.031609,0.045289,0.076898,
683,arm3_arithmetic_steered,True,99,480,4.848485,True,0.031839,0.048128,0.079967,
684,arm3_arithmetic_steered,True,100,480,4.800000,True,0.056919,0.052331,0.109250,
685,arm3_arithmetic_steered,True,100,480,4.800000,True,0.033543,0.051115,0.084658,
686,arm3_arithmetic_steered,True,100,480,4.800000,True,0.033417,0.049444,0.082861,
687,arm3_arithmetic_steered,True,100,480,4.800000,True,0.042939,0.079878,0.122817,
688,arm3_arithmetic_steered,True,97,480,4.948454,True,0.031915,0.042217,0.074132,
689,arm3_arithmetic_steered,True,99,480,4.848485,True,0.034133,0.051542,0.085675,
690,arm3_arithmetic_steered,True,105,480,4.571429,True,0.031033,0.044461,0.075494,
691,arm3_arithmetic_steered,True,102,480,4.705882,True,0.039552,0.054798,0.094350,
692,arm3_arithmetic_steered,True,99,480,4.848485,True,0.032552,0.045412,0.077964,
693,arm3_arithmetic_steered,True,100,480,4.800000,True,0.036693,0.049702,0.086395,
694,arm3_arithmetic_steered,True,101,480,4.752475,True,0.031348,0.045743,0.077091,
695,arm3_arithmetic_steered,True,102,480,4.705882,True,0.030168,0.043847,0.074015,
696,arm3_arithmetic_steered,True,97,480,4.948454,True,0.034586,0.045509,0.080095,
697,arm3_arithmetic_steered,True,105,480,4.571429,True,0.030368,0.046088,0.076456,
698,arm3_arithmetic_steered,True,105,480,4.571429,True,0.030925,0.052500,0.083424,
699,arm3_arithmetic_steered,True,101,480,4.752475,True,0.035756,0.049795,0.085551,
700,arm3_arithmetic_steered,True,94,480,5.106383,True,0.040364,0.050987,0.091351,
701,arm3_arithmetic_steered,True,103,480,4.660194,True,0.031306,0.042201,0.073507,
702,arm3_arithmetic_steered,True,102,480,4.705882,True,0.033079,0.048041,0.081120,
703,arm3_arithmetic_steered,True,101,480,4.752475,True,0.035384,0.050327,0.085711,
704,arm3_arithmetic_steered,True,102,480,4.705882,True,0.031285,0.046874,0.078160,
705,arm3_arithmetic_steered,True,102,480,4.705882,True,0.029577,0.050085,0.079662,
706,arm3_arithmetic_steered,True,99,480,4.848485,True,0.041511,0.055298,0.096808,
707,arm3_arithmetic_steered,True,103,480,4.660194,True,0.034637,0.050398,0.085035,
708,arm3_arithmetic_steered,True,98,480,4.897959,True,0.031431,0.044746,0.076177,
709,arm3_arithmetic_steered,True,99,480,4.848485,True,0.037591,0.052142,0.089732,
710,arm3_arithmetic_steered,True,103,480,4.660194,True,0.031537,0.046485,0.078023,
711,arm3_arithmetic_steered,True,98,480,4.897959,True,0.037050,0.055326,0.092376,
712,arm3_arithmetic_steered,True,105,480,4.571429,True,0.026940,0.042557,0.069497,
713,arm3_arithmetic_steered,True,95,480,5.052632,True,0.034372,0.044002,0.078374,
714,arm3_arithmetic_steered,True,107,480,4.485981,True,0.029281,0.044067,0.073348,
715,arm3_arithmetic_steered,True,112,480,4.285714,True,0.027714,0.045137,0.072851,
716,arm3_arithmetic_steered,True,100,480,4.800000,True,0.034266,0.046479,0.080745,
717,arm3_arithmetic_steered,True,101,480,4.752475,True,0.034104,0.047288,0.081393,
718,arm3_arithmetic_steered,True,104,480,4.615385,True,0.036314,0.053731,0.090045,
719,arm3_arithmetic_steered,True,101,480,4.752475,True,0.036259,0.049298,0.085557,
720,arm3_arithmetic_steered,True,106,480,4.528302,True,0.031861,0.047030,0.078891,
721,arm3_arithmetic_steered,True,99,480,4.848485,True,0.033968,0.045177,0.079145,
722,arm3_arithmetic_steered,True,102,480,4.705882,True,0.033493,0.048684,0.082177,
723,arm3_arithmetic_steered,True,96,480,5.000000,True,0.032003,0.042316,0.074319,
724,arm3_arithmetic_steered,True,101,480,4.752475,True,0.031910,0.047105,0.079014,
725,arm3_arithmetic_steered,True,97,480,4.948454,True,0.057320,0.064008,0.121328,
726,arm3_arithmetic_steered,True,108,480,4.444444,True,0.033557,0.050135,0.083692,
727,arm3_arithmetic_steered,True,104,480,4.615385,True,0.031289,0.044116,0.075406,
728,arm3_arithmetic_steered,True,105,480,4.571429,True,0.036122,0.051270,0.087392,
729,arm3_arithmetic_steered,True,101,480,4.752475,True,0.046920,0.055975,0.102895,
730,arm3_arithmetic_steered,True,99,480,4.848485,True,0.036090,0.050139,0.086228,
731,arm3_arithmetic_steered,True,96,480,5.000000,True,0.034271,0.047778,0.082049,
732,arm3_arithmetic_steered,True,99,480,4.848485,True,0.032690,0.048989,0.081679,
733,arm3_arithmetic_steered,True,99,480,4.848485,True,0.038575,0.055059,0.093634,
734,arm3_arithmetic_steered,True,101,480,4.752475,True,0.030972,0.050062,0.081034,
735,arm3_arithmetic_steered,True,100,480,4.800000,True,0.034907,0.048744,0.083651,
736,arm3_arithmetic_steered,True,104,480,4.615385,True,0.034907,0.051927,0.086834,
737,arm3_arithmetic_steered,True,101,480,4.752475,True,0.036610,0.057291,0.093901,
738,arm3_arithmetic_steered,True,100,480,4.800000,True,0.036848,0.050200,0.087049,
739,arm3_arithmetic_steered,True,101,480,4.752475,True,0.036119,0.045839,0.081958,
740,arm3_arithmetic_steered,True,102,480,4.705882,True,0.031147,0.045400,0.076547,
741,arm3_arithmetic_steered,True,102,480,4.705882,True,0.036005,0.051071,0.087076,
742,arm3_arithmetic_steered,True,103,480,4.660194,True,0.037685,0.052315,0.090000,
743,arm3_arithmetic_steered,True,101,480,4.752475,True,0.033687,0.050013,0.083700,
744,arm3_arithmetic_steered,True,98,480,4.897959,True,0.037944,0.044683,0.082627,
745,arm3_arithmetic_steered,True,103,480,4.660194,True,0.039214,0.067238,0.106452,
746,arm3_arithmetic_steered,True,102,480,4.705882,True,0.032885,0.047876,0.080761,
747,arm3_arithmetic_steered,True,100,480,4.800000,True,0.033725,0.051947,0.085673,
748,arm3_arithmetic_steered,True,104,480,4.615385,True,0.035233,0.050396,0.085629,
749,arm3_arithmetic_steered,True,97,480,4.948454,True,0.040656,0.052364,0.093020,
750,arm3_arithmetic_steered,True,101,480,4.752475,True,0.031363,0.044355,0.075718,
751,arm3_arithmetic_steered,True,103,480,4.660194,True,0.031538,0.046103,0.077642,
752,arm3_arithmetic_steered,True,104,480,4.615385,True,0.031013,0.055563,0.086576,
753,arm3_arithmetic_steered,True,100,480,4.800000,True,0.036678,0.051561,0.088239,
754,arm3_arithmetic_steered,True,102,480,4.705882,True,0.030418,0.043731,0.074148,
755,arm3_arithmetic_steered,True,104,480,4.615385,True,0.032558,0.047198,0.079755,
756,arm3_arithmetic_steered,True,97,480,4.948454,True,0.034291,0.047222,0.081513,
757,arm3_arithmetic_steered,True,101,480,4.752475,True,0.033515,0.045656,0.079171,
758,arm3_arithmetic_steered,True,96,480,5.000000,True,0.035138,0.047241,0.082379,
759,arm3_arithmetic_steered,True,99,480,4.848485,True,0.031253,0.052923,0.084176,
760,arm3_arithmetic_steered,True,103,480,4.660194,True,0.033872,0.047421,0.081293,
761,arm3_arithmetic_steered,True,100,480,4.800000,True,0.034902,0.051097,0.085999,
762,arm3_arithmetic_steered,True,105,480,4.571429,True,0.030115,0.045021,0.075136,
763,arm3_arithmetic_steered,True,101,480,4.752475,True,0.034821,0.052014,0.086835,
764,arm3_arithmetic_steered,True,99,480,4.848485,True,0.032664,0.047137,0.079801,
765,arm3_arithmetic_steered,True,103,480,4.660194,True,0.034454,0.050540,0.084994,
766,arm3_arithmetic_steered,True,103,480,4.660194,True,0.035258,0.051627,0.086886,
767,arm3_arithmetic_steered,True,100,480,4.800000,True,0.058841,0.054383,0.113224,
768,arm3_arithmetic_steered,True,106,480,4.528302,True,0.034364,0.049074,0.083438,
769,arm3_arithmetic_steered,True,102,480,4.705882,True,0.034335,0.045266,0.079601,
770,arm3_arithmetic_steered,True,108,480,4.444444,True,0.028063,0.043010,0.071073,
771,arm3_arithmetic_steered,True,97,480,4.948454,True,0.037831,0.047819,0.085650,
772,arm3_arithmetic_steered,False,,,,False,0.026501,0.000000,0.026502,Game ended after 82 plies with 391/480 bits embedded — message too long for this carrier game.
773,arm3_arithmetic_steered,True,102,480,4.705882,True,0.033953,0.046049,0.080002,
774,arm3_arithmetic_steered,True,97,480,4.948454,True,0.034925,0.049064,0.083989,
775,arm3_arithmetic_steered,True,102,480,4.705882,True,0.034476,0.047520,0.081996,
776,arm3_arithmetic_steered,True,99,480,4.848485,True,0.041303,0.055323,0.096626,
777,arm3_arithmetic_steered,False,,,,False,0.012556,0.000000,0.012557,Game ended after 38 plies with 176/480 bits embedded — message too long for this carrier game.
778,arm3_arithmetic_steered,True,101,480,4.752475,True,0.032147,0.044782,0.076929,
779,arm3_arithmetic_steered,True,98,480,4.897959,True,0.034131,0.045014,0.079145,
780,arm3_arithmetic_steered,True,96,480,5.000000,True,0.036040,0.047551,0.083591,
781,arm3_arithmetic_steered,True,100,480,4.800000,True,0.033278,0.061920,0.095198,
782,arm3_arithmetic_steered,True,101,480,4.752475,True,0.030217,0.044061,0.074278,
783,arm3_arithmetic_steered,False,,,,False,0.003226,0.000000,0.003227,Game ended after 15 plies with 66/480 bits embedded — message too long for this carrier game.
784,arm3_arithmetic_steered,True,99,480,4.848485,True,0.033458,0.045461,0.078920,
785,arm3_arithmetic_steered,True,98,480,4.897959,True,0.035795,0.049782,0.085577,
786,arm3_arithmetic_steered,True,95,480,5.052632,True,0.054433,0.049306,0.103739,
787,arm3_arithmetic_steered,True,97,480,4.948454,True,0.039403,0.052133,0.091536,
788,arm3_arithmetic_steered,True,99,480,4.848485,True,0.034065,0.048171,0.082235,
789,arm3_arithmetic_steered,True,99,480,4.848485,True,0.039017,0.049138,0.088155,
790,arm3_arithmetic_steered,False,,,,False,0.028873,0.000000,0.028874,Game ended after 82 plies with 398/480 bits embedded — message too long for this carrier game.
791,arm3_arithmetic_steered,True,103,480,4.660194,True,0.037313,0.050262,0.087575,
792,arm3_arithmetic_steered,True,98,480,4.897959,True,0.059487,0.066812,0.126299,
793,arm3_arithmetic_steered,True,106,480,4.528302,True,0.037139,0.053456,0.090595,
794,arm3_arithmetic_steered,True,102,480,4.705882,True,0.029892,0.045743,0.075635,
795,arm3_arithmetic_steered,True,101,480,4.752475,True,0.036580,0.053190,0.089770,
796,arm3_arithmetic_steered,True,100,480,4.800000,True,0.041251,0.055040,0.096290,
797,arm3_arithmetic_steered,True,104,480,4.615385,True,0.036827,0.056354,0.093182,
798,arm3_arithmetic_steered,True,98,480,4.897959,True,0.041184,0.053640,0.094825,
799,arm3_arithmetic_steered,True,100,480,4.800000,True,0.036061,0.052035,0.088096,
800,arm3_arithmetic_steered,True,98,480,4.897959,True,0.038414,0.050406,0.088821,
801,arm3_arithmetic_steered,True,101,480,4.752475,True,0.048261,0.058073,0.106334,
802,arm3_arithmetic_steered,True,97,480,4.948454,True,0.040374,0.051663,0.092037,
803,arm3_arithmetic_steered,True,101,480,4.752475,True,0.040339,0.055084,0.095423,
804,arm3_arithmetic_steered,True,102,480,4.705882,True,0.042524,0.058323,0.100847,
805,arm3_arithmetic_steered,True,103,480,4.660194,True,0.033712,0.050077,0.083789,
806,arm3_arithmetic_steered,True,100,480,4.800000,True,0.048400,0.047834,0.096235,
807,arm3_arithmetic_steered,True,98,480,4.897959,True,0.034942,0.047417,0.082359,
808,arm3_arithmetic_steered,True,102,480,4.705882,True,0.029077,0.041886,0.070962,
809,arm3_arithmetic_steered,True,101,480,4.752475,True,0.032585,0.045591,0.078176,
810,arm3_arithmetic_steered,True,99,480,4.848485,True,0.032170,0.044492,0.076662,
811,arm3_arithmetic_steered,True,100,480,4.800000,True,0.031591,0.042578,0.074169,
812,arm3_arithmetic_steered,True,103,480,4.660194,True,0.036241,0.047933,0.084173,
813,arm3_arithmetic_steered,True,104,480,4.615385,True,0.033062,0.052780,0.085842,
814,arm3_arithmetic_steered,True,103,480,4.660194,True,0.044893,0.040253,0.085146,
815,arm3_arithmetic_steered,False,,,,False,0.014131,0.000000,0.014132,Game ended after 41 plies with 191/480 bits embedded — message too long for this carrier game.
816,arm3_arithmetic_steered,True,101,480,4.752475,True,0.037200,0.057748,0.094948,
817,arm3_arithmetic_steered,True,102,480,4.705882,True,0.032473,0.047034,0.079507,
818,arm3_arithmetic_steered,True,99,480,4.848485,True,0.035884,0.048121,0.084005,
819,arm3_arithmetic_steered,False,,,,False,0.012641,0.000000,0.012641,Game ended after 42 plies with 191/480 bits embedded — message too long for this carrier game.
820,arm3_arithmetic_steered,True,96,480,5.000000,True,0.042509,0.053232,0.095741,
821,arm3_arithmetic_steered,True,102,480,4.705882,True,0.032253,0.048591,0.080844,
822,arm3_arithmetic_steered,True,103,480,4.660194,True,0.030403,0.043702,0.074105,
823,arm3_arithmetic_steered,True,98,480,4.897959,True,0.036918,0.061309,0.098227,
824,arm3_arithmetic_steered,True,99,480,4.848485,True,0.031792,0.043884,0.075677,
825,arm3_arithmetic_steered,True,105,480,4.571429,True,0.027026,0.041921,0.068947,
826,arm3_arithmetic_steered,True,96,480,5.000000,True,0.058801,0.080894,0.139695,
827,arm3_arithmetic_steered,True,100,480,4.800000,True,0.031935,0.043329,0.075264,
828,arm3_arithmetic_steered,False,,,,False,0.028440,0.000000,0.028441,Game ended after 89 plies with 432/480 bits embedded — message too long for this carrier game.
829,arm3_arithmetic_steered,True,105,480,4.571429,True,0.033524,0.048914,0.082438,
830,arm3_arithmetic_steered,True,98,480,4.897959,True,0.036288,0.062830,0.099118,
831,arm3_arithmetic_steered,True,98,480,4.897959,True,0.032174,0.043994,0.076168,
832,arm3_arithmetic_steered,True,98,480,4.897959,True,0.032023,0.044599,0.076622,
833,arm3_arithmetic_steered,True,101,480,4.752475,True,0.034509,0.048687,0.083197,
834,arm3_arithmetic_steered,True,98,480,4.897959,True,0.031250,0.044394,0.075644,
835,arm3_arithmetic_steered,True,97,480,4.948454,True,0.032973,0.044988,0.077962,
836,arm3_arithmetic_steered,True,100,480,4.800000,True,0.029041,0.040890,0.069931,
837,arm3_arithmetic_steered,True,103,480,4.660194,True,0.035712,0.044503,0.080215,
838,arm3_arithmetic_steered,True,96,480,5.000000,True,0.035752,0.075045,0.110797,
839,arm3_arithmetic_steered,True,99,480,4.848485,True,0.036862,0.047763,0.084625,
840,arm3_arithmetic_steered,True,101,480,4.752475,True,0.033989,0.040430,0.074418,
841,arm3_arithmetic_steered,True,101,480,4.752475,True,0.032801,0.046234,0.079035,
842,arm3_arithmetic_steered,True,106,480,4.528302,True,0.029404,0.044118,0.073522,
843,arm3_arithmetic_steered,True,103,480,4.660194,True,0.031417,0.044985,0.076402,
844,arm3_arithmetic_steered,True,102,480,4.705882,True,0.043398,0.055954,0.099352,
845,arm3_arithmetic_steered,True,99,480,4.848485,True,0.031027,0.045025,0.076052,
846,arm3_arithmetic_steered,True,99,480,4.848485,True,0.034480,0.042808,0.077288,
847,arm3_arithmetic_steered,True,98,480,4.897959,True,0.038401,0.043159,0.081561,
848,arm3_arithmetic_steered,True,105,480,4.571429,True,0.029506,0.042801,0.072307,
849,arm3_arithmetic_steered,True,97,480,4.948454,True,0.037192,0.082818,0.120009,
850,arm3_arithmetic_steered,True,101,480,4.752475,True,0.031331,0.045233,0.076565,
851,arm3_arithmetic_steered,True,104,480,4.615385,True,0.030445,0.043633,0.074078,
852,arm3_arithmetic_steered,True,101,480,4.752475,True,0.029628,0.041866,0.071494,
853,arm3_arithmetic_steered,True,102,480,4.705882,True,0.032854,0.042410,0.075265,
854,arm3_arithmetic_steered,False,,,,False,0.038544,0.000000,0.038544,Game ended after 74 plies with 358/480 bits embedded — message too long for this carrier game.
855,arm3_arithmetic_steered,True,98,480,4.897959,True,0.029802,0.040896,0.070698,
856,arm3_arithmetic_steered,True,99,480,4.848485,True,0.030953,0.042209,0.073161,
857,arm3_arithmetic_steered,True,103,480,4.660194,True,0.029042,0.042312,0.071354,
858,arm3_arithmetic_steered,True,99,480,4.848485,True,0.031959,0.045129,0.077088,
859,arm3_arithmetic_steered,True,100,480,4.800000,True,0.033789,0.046950,0.080739,
860,arm3_arithmetic_steered,True,105,480,4.571429,True,0.032170,0.044618,0.076788,
861,arm3_arithmetic_steered,True,100,480,4.800000,True,0.033748,0.045303,0.079052,
862,arm3_arithmetic_steered,True,99,480,4.848485,True,0.032193,0.041854,0.074048,
863,arm3_arithmetic_steered,True,102,480,4.705882,True,0.031580,0.045589,0.077170,
864,arm3_arithmetic_steered,True,106,480,4.528302,True,0.030016,0.044417,0.074433,
865,arm3_arithmetic_steered,True,98,480,4.897959,True,0.037648,0.049070,0.086718,
866,arm3_arithmetic_steered,True,103,480,4.660194,True,0.029334,0.046054,0.075389,
867,arm3_arithmetic_steered,True,99,480,4.848485,True,0.032900,0.044460,0.077360,
868,arm3_arithmetic_steered,True,108,480,4.444444,True,0.026268,0.041568,0.067836,
869,arm3_arithmetic_steered,True,98,480,4.897959,True,0.031339,0.041452,0.072791,
870,arm3_arithmetic_steered,True,98,480,4.897959,True,0.036849,0.042733,0.079583,
871,arm3_arithmetic_steered,True,100,480,4.800000,True,0.034642,0.047292,0.081934,
872,arm3_arithmetic_steered,True,97,480,4.948454,True,0.035510,0.047761,0.083271,
873,arm3_arithmetic_steered,True,105,480,4.571429,True,0.028079,0.043236,0.071316,
874,arm3_arithmetic_steered,True,96,480,5.000000,True,0.031219,0.042820,0.074039,
875,arm3_arithmetic_steered,True,103,480,4.660194,True,0.028015,0.040208,0.068223,
876,arm3_arithmetic_steered,True,102,480,4.705882,True,0.028633,0.042670,0.071302,
877,arm3_arithmetic_steered,True,98,480,4.897959,True,0.030194,0.041952,0.072146,
878,arm3_arithmetic_steered,True,98,480,4.897959,True,0.032022,0.047037,0.079059,
879,arm3_arithmetic_steered,True,101,480,4.752475,True,0.031841,0.047765,0.079607,
880,arm3_arithmetic_steered,True,99,480,4.848485,True,0.032292,0.044648,0.076940,
881,arm3_arithmetic_steered,True,105,480,4.571429,True,0.029135,0.043838,0.072973,
882,arm3_arithmetic_steered,True,100,480,4.800000,True,0.032327,0.043927,0.076254,
883,arm3_arithmetic_steered,True,99,480,4.848485,True,0.037248,0.048119,0.085367,
884,arm3_arithmetic_steered,True,98,480,4.897959,True,0.035824,0.044051,0.079875,
885,arm3_arithmetic_steered,True,99,480,4.848485,True,0.029523,0.042729,0.072252,
886,arm3_arithmetic_steered,True,101,480,4.752475,True,0.029905,0.045542,0.075447,
887,arm3_arithmetic_steered,True,103,480,4.660194,True,0.034855,0.046550,0.081405,
888,arm3_arithmetic_steered,True,102,480,4.705882,True,0.029620,0.043195,0.072815,
889,arm3_arithmetic_steered,True,104,480,4.615385,True,0.032302,0.046198,0.078500,
890,arm3_arithmetic_steered,True,99,480,4.848485,True,0.031203,0.045554,0.076758,
891,arm3_arithmetic_steered,True,103,480,4.660194,True,0.030890,0.047870,0.078760,
892,arm3_arithmetic_steered,True,103,480,4.660194,True,0.031305,0.044006,0.075311,
893,arm3_arithmetic_steered,True,103,480,4.660194,True,0.029835,0.043541,0.073376,
894,arm3_arithmetic_steered,True,98,480,4.897959,True,0.029656,0.040983,0.070639,
895,arm3_arithmetic_steered,True,102,480,4.705882,True,0.028839,0.041235,0.070074,
896,arm3_arithmetic_steered,True,103,480,4.660194,True,0.029487,0.042440,0.071926,
897,arm3_arithmetic_steered,True,105,480,4.571429,True,0.027929,0.044323,0.072252,
898,arm3_arithmetic_steered,True,98,480,4.897959,True,0.031489,0.041799,0.073289,
899,arm3_arithmetic_steered,True,104,480,4.615385,True,0.032850,0.046218,0.079068,
900,arm3_arithmetic_steered,True,98,480,4.897959,True,0.035925,0.047553,0.083477,
901,arm3_arithmetic_steered,True,103,480,4.660194,True,0.034717,0.049909,0.084626,
902,arm3_arithmetic_steered,True,100,480,4.800000,True,0.033273,0.046432,0.079705,
903,arm3_arithmetic_steered,True,97,480,4.948454,True,0.034283,0.044622,0.078905,
904,arm3_arithmetic_steered,True,105,480,4.571429,True,0.034258,0.049336,0.083593,
905,arm3_arithmetic_steered,True,99,480,4.848485,True,0.031984,0.044198,0.076182,
906,arm3_arithmetic_steered,True,98,480,4.897959,True,0.033385,0.045584,0.078969,
907,arm3_arithmetic_steered,True,103,480,4.660194,True,0.028995,0.043128,0.072123,
908,arm3_arithmetic_steered,True,96,480,5.000000,True,0.032968,0.043684,0.076652,
909,arm3_arithmetic_steered,True,100,480,4.800000,True,0.030347,0.043851,0.074198,
910,arm3_arithmetic_steered,True,97,480,4.948454,True,0.032796,0.044997,0.077793,
911,arm3_arithmetic_steered,True,101,480,4.752475,True,0.031091,0.043010,0.074101,
912,arm3_arithmetic_steered,True,101,480,4.752475,True,0.030606,0.041311,0.071917,
913,arm3_arithmetic_steered,True,98,480,4.897959,True,0.031248,0.041932,0.073180,
914,arm3_arithmetic_steered,True,99,480,4.848485,True,0.031200,0.042340,0.073540,
915,arm3_arithmetic_steered,True,101,480,4.752475,True,0.027843,0.040682,0.068525,
916,arm3_arithmetic_steered,True,99,480,4.848485,True,0.030282,0.049071,0.079353,
917,arm3_arithmetic_steered,True,106,480,4.528302,True,0.029919,0.044235,0.074154,
918,arm3_arithmetic_steered,True,99,480,4.848485,True,0.030265,0.041208,0.071473,
919,arm3_arithmetic_steered,True,100,480,4.800000,True,0.031702,0.044325,0.076028,
920,arm3_arithmetic_steered,True,104,480,4.615385,True,0.031861,0.049224,0.081085,
921,arm3_arithmetic_steered,True,100,480,4.800000,True,0.028270,0.040976,0.069246,
922,arm3_arithmetic_steered,True,94,480,5.106383,True,0.032932,0.042515,0.075447,
923,arm3_arithmetic_steered,True,105,480,4.571429,True,0.028478,0.042862,0.071340,
924,arm3_arithmetic_steered,True,103,480,4.660194,True,0.028042,0.040090,0.068131,
925,arm3_arithmetic_steered,True,103,480,4.660194,True,0.031568,0.045800,0.077368,
926,arm3_arithmetic_steered,True,97,480,4.948454,True,0.030615,0.041008,0.071623,
927,arm3_arithmetic_steered,True,101,480,4.752475,True,0.031305,0.042533,0.073838,
928,arm3_arithmetic_steered,True,101,480,4.752475,True,0.032615,0.044375,0.076990,
929,arm3_arithmetic_steered,True,105,480,4.571429,True,0.028846,0.040927,0.069773,
930,arm3_arithmetic_steered,True,99,480,4.848485,True,0.031673,0.043522,0.075195,
931,arm3_arithmetic_steered,True,99,480,4.848485,True,0.032816,0.044595,0.077411,
932,arm3_arithmetic_steered,True,98,480,4.897959,True,0.033385,0.045038,0.078423,
933,arm3_arithmetic_steered,True,103,480,4.660194,True,0.032248,0.046563,0.078811,
934,arm3_arithmetic_steered,True,101,480,4.752475,True,0.028066,0.039938,0.068004,
935,arm3_arithmetic_steered,True,101,480,4.752475,True,0.031583,0.044222,0.075805,
936,arm3_arithmetic_steered,True,97,480,4.948454,True,0.036718,0.046767,0.083485,
937,arm3_arithmetic_steered,True,102,480,4.705882,True,0.029945,0.043782,0.073727,
938,arm3_arithmetic_steered,True,101,480,4.752475,True,0.029799,0.044687,0.074486,
939,arm3_arithmetic_steered,True,100,480,4.800000,True,0.030655,0.042221,0.072876,
940,arm3_arithmetic_steered,True,99,480,4.848485,True,0.031837,0.044333,0.076170,
941,arm3_arithmetic_steered,True,101,480,4.752475,True,0.031449,0.043745,0.075193,
942,arm3_arithmetic_steered,True,100,480,4.800000,True,0.033050,0.043614,0.076664,
943,arm3_arithmetic_steered,True,102,480,4.705882,True,0.028311,0.042001,0.070312,
944,arm3_arithmetic_steered,True,108,480,4.444444,True,0.027409,0.042675,0.070084,
945,arm3_arithmetic_steered,True,101,480,4.752475,True,0.028652,0.043636,0.072288,
946,arm3_arithmetic_steered,True,103,480,4.660194,True,0.027493,0.039758,0.067251,
947,arm3_arithmetic_steered,True,103,480,4.660194,True,0.031164,0.042754,0.073918,
948,arm3_arithmetic_steered,True,99,480,4.848485,True,0.031360,0.044609,0.075970,
949,arm3_arithmetic_steered,True,99,480,4.848485,True,0.027588,0.039890,0.067478,
950,arm3_arithmetic_steered,False,,,,False,0.016914,0.000000,0.016915,Game ended after 60 plies with 277/480 bits embedded — message too long for this carrier game.
951,arm3_arithmetic_steered,True,104,480,4.615385,True,0.030539,0.039637,0.070176,
952,arm3_arithmetic_steered,True,103,480,4.660194,True,0.029735,0.044171,0.073906,
953,arm3_arithmetic_steered,True,98,480,4.897959,True,0.034542,0.046680,0.081222,
954,arm3_arithmetic_steered,True,99,480,4.848485,True,0.033459,0.045097,0.078557,
955,arm3_arithmetic_steered,True,100,480,4.800000,True,0.030953,0.043246,0.074199,
956,arm3_arithmetic_steered,True,98,480,4.897959,True,0.030242,0.042669,0.072911,
957,arm3_arithmetic_steered,True,99,480,4.848485,True,0.030425,0.041545,0.071971,
958,arm3_arithmetic_steered,True,101,480,4.752475,True,0.029493,0.051566,0.081058,
959,arm3_arithmetic_steered,True,98,480,4.897959,True,0.029594,0.042249,0.071843,
960,arm3_arithmetic_steered,True,101,480,4.752475,True,0.029874,0.048173,0.078047,
961,arm3_arithmetic_steered,True,100,480,4.800000,True,0.034796,0.046442,0.081238,
962,arm3_arithmetic_steered,True,101,480,4.752475,True,0.031262,0.041449,0.072711,
963,arm3_arithmetic_steered,True,98,480,4.897959,True,0.030813,0.048544,0.079357,
964,arm3_arithmetic_steered,True,102,480,4.705882,True,0.031337,0.042094,0.073430,
965,arm3_arithmetic_steered,True,97,480,4.948454,True,0.035343,0.043807,0.079150,
966,arm3_arithmetic_steered,True,102,480,4.705882,True,0.033887,0.044722,0.078608,
967,arm3_arithmetic_steered,True,99,480,4.848485,True,0.031630,0.046863,0.078494,
968,arm3_arithmetic_steered,True,103,480,4.660194,True,0.030553,0.044849,0.075402,
969,arm3_arithmetic_steered,True,102,480,4.705882,True,0.031286,0.042241,0.073527,
970,arm3_arithmetic_steered,True,108,480,4.444444,True,0.027692,0.043467,0.071159,
971,arm3_arithmetic_steered,True,103,480,4.660194,True,0.031797,0.045371,0.077168,
972,arm3_arithmetic_steered,True,100,480,4.800000,True,0.034042,0.045010,0.079052,
973,arm3_arithmetic_steered,True,99,480,4.848485,True,0.032220,0.045427,0.077647,
974,arm3_arithmetic_steered,True,100,480,4.800000,True,0.035535,0.047460,0.082996,
975,arm3_arithmetic_steered,True,102,480,4.705882,True,0.029849,0.042834,0.072682,
976,arm3_arithmetic_steered,True,101,480,4.752475,True,0.029772,0.041001,0.070773,
977,arm3_arithmetic_steered,True,97,480,4.948454,True,0.032352,0.044292,0.076644,
978,arm3_arithmetic_steered,True,98,480,4.897959,True,0.032322,0.043195,0.075517,
979,arm3_arithmetic_steered,True,98,480,4.897959,True,0.035218,0.046074,0.081292,
980,arm3_arithmetic_steered,True,101,480,4.752475,True,0.028031,0.041125,0.069156,
981,arm3_arithmetic_steered,True,100,480,4.800000,True,0.029649,0.040481,0.070131,
982,arm3_arithmetic_steered,True,95,480,5.052632,True,0.033387,0.043430,0.076816,
983,arm3_arithmetic_steered,True,103,480,4.660194,True,0.030220,0.043363,0.073582,
984,arm3_arithmetic_steered,True,102,480,4.705882,True,0.029863,0.042933,0.072796,
985,arm3_arithmetic_steered,True,105,480,4.571429,True,0.029409,0.042417,0.071826,
986,arm3_arithmetic_steered,True,100,480,4.800000,True,0.031892,0.044347,0.076239,
987,arm3_arithmetic_steered,True,100,480,4.800000,True,0.031262,0.042566,0.073828,
988,arm3_arithmetic_steered,True,100,480,4.800000,True,0.030102,0.041325,0.071427,
989,arm3_arithmetic_steered,True,102,480,4.705882,True,0.027347,0.039627,0.066974,
990,arm3_arithmetic_steered,True,104,480,4.615385,True,0.027425,0.040766,0.068191,
991,arm3_arithmetic_steered,True,99,480,4.848485,True,0.033892,0.045912,0.079804,
992,arm3_arithmetic_steered,True,104,480,4.615385,True,0.028830,0.041187,0.070016,
993,arm3_arithmetic_steered,True,96,480,5.000000,True,0.029681,0.039301,0.068982,
994,arm3_arithmetic_steered,True,104,480,4.615385,True,0.028046,0.041105,0.069151,
995,arm3_arithmetic_steered,True,106,480,4.528302,True,0.030192,0.043461,0.073653,
996,arm3_arithmetic_steered,True,97,480,4.948454,True,0.031017,0.041266,0.072283,
997,arm3_arithmetic_steered,True,104,480,4.615385,True,0.026083,0.037654,0.063737,
998,arm3_arithmetic_steered,True,98,480,4.897959,True,0.028604,0.038290,0.066894,
999,arm3_arithmetic_steered,True,97,480,4.948454,True,0.030407,0.039207,0.069615,
